CASE_ID,ACCIDENT_YEAR,PROC_DATE,JURIS,COLLISION_DATE,COLLISION_TIME,OFFICER_ID,REPORTING_DISTRICT,DAY_OF_WEEK,CHP_SHIFT,POPULATION,CNTY_CITY_LOC,SPECIAL_COND,BEAT_TYPE,CHP_BEAT_TYPE,CITY_DIVISION_LAPD,CHP_BEAT_CLASS,BEAT_NUMBER,PRIMARY_RD,SECONDARY_RD,DISTANCE,DIRECTION,INTERSECTION,WEATHER_1,WEATHER_2,STATE_HWY_IND,CALTRANS_COUNTY,CALTRANS_DISTRICT,STATE_ROUTE,ROUTE_SUFFIX,POSTMILE_PREFIX,POSTMILE,LOCATION_TYPE,RAMP_INTERSECTION,SIDE_OF_HWY,TOW_AWAY,COLLISION_SEVERITY,NUMBER_KILLED,NUMBER_INJURED,PARTY_COUNT,PRIMARY_COLL_FACTOR,PCF_CODE_OF_VIOL,PCF_VIOL_CATEGORY,PCF_VIOLATION,PCF_VIOL_SUBSECTION,HIT_AND_RUN,TYPE_OF_COLLISION,MVIW,PED_ACTION,ROAD_SURFACE,ROAD_COND_1,ROAD_COND_2,LIGHTING,CONTROL_DEVICE,CHP_ROAD_TYPE,PEDESTRIAN_ACCIDENT,BICYCLE_ACCIDENT,MOTORCYCLE_ACCIDENT,TRUCK_ACCIDENT,NOT_PRIVATE_PROPERTY,ALCOHOL_INVOLVED,STWD_VEHTYPE_AT_FAULT,CHP_VEHTYPE_AT_FAULT,COUNT_SEVERE_INJ,COUNT_VISIBLE_INJ,COUNT_COMPLAINT_PAIN,COUNT_PED_KILLED,COUNT_PED_INJURED,COUNT_BICYCLIST_KILLED,COUNT_BICYCLIST_INJURED,COUNT_MC_KILLED,COUNT_MC_INJURED,PRIMARY_RAMP,SECONDARY_RAMP,LATITUDE,LONGITUDE,COUNTY,CITY,POINT_X,POINT_Y
6310687,2013,5/8/14,3708,11/24/13,630,1232,100,7,5,5,3708,0,0,0,,0,1,UNIVERSITY AV,OLIVE AV,244,E,N,A,-,N,,,,,,,,,,Y,3,0,2,1,A,-,3,22350,,N,F,I,A,A,H,-,A,D,0,,,,,Y,,A,1,0,2,0,0,0,0,0,0,0,- ,- ,,,SAN DIEGO,LA MESA,-117.0354849,32.7589428
6310691,2013,5/8/14,3708,11/24/13,1525,1225,400,7,5,5,3708,0,0,0,,0,2,GLEN ST,GLENIRA AV,0,,Y,A,-,N,,,,,,,,,,Y,4,0,1,1,A,-,1,23152,A,N,F,A,A,A,D,-,A,D,0,,,Y,,Y,Y,C,2,0,0,1,0,0,0,0,0,1,- ,- ,,,SAN DIEGO,LA MESA,-117.008902,32.7655048
6310695,2013,5/8/14,3708,11/22/13,1530,1228,400,5,5,5,3708,0,0,0,,0,2,GROSSMONT BL,BANCROFT DR,0,,Y,C,-,N,,,,,,,,,,N,3,0,1,2,A,-,5,21650,1,F,A,G,A,B,H,-,A,A,0,,Y,,,Y,,L,4,0,1,0,0,0,0,1,0,0,- ,- ,,,SAN DIEGO,LA MESA,-117.0010419,32.7733048
6310699,2013,5/8/14,3708,11/14/13,1723,1215,200,4,5,5,3708,0,0,0,,0,1,YALE AV,UNIVERSITY AV,68,S,N,A,-,N,,,,,,,,,,N,3,0,1,2,A,-,9,21804,A,F,D,C,A,A,H,-,C,D,0,,Y,,,Y,,L,4,0,1,0,0,0,0,1,0,0,- ,- ,,,SAN DIEGO,LA MESA,-117.0400075,32.755777
6311578,2013,5/23/14,9680,12/11/13,755,14259,,3,1,5,3708,0,1,3,,2,28,RT 125,MERRITT BL,190,S,N,A,-,Y,SD,11,125,-,-,14.08,H,-,N,N,4,0,1,2,A,-,3,22350,,N,C,C,A,A,H,-,A,D,1,,,,,Y,,A,1,0,0,1,0,0,0,0,0,0,- ,- ,32.75914,-117.04723,SAN DIEGO,LA MESA,-117.0043018,32.7593648
6312176,2013,5/21/14,9680,12/18/13,1725,16415,,3,2,5,3708,0,1,1,,2,81,RT 8,SEVERIN DR,630,E,N,A,-,Y,SD,11,8,-,-,12.77,H,-,W,Y,4,0,1,2,A,-,7,21658,A,N,C,C,A,A,H,-,C,D,1,,,,,Y,,A,1,0,0,1,0,0,0,0,0,0,- ,- ,32.7794,-116.9952,SAN DIEGO,LA MESA,-116.9932818,32.7793048
6312191,2013,5/21/14,9680,12/20/13,1830,19765,,5,2,5,3708,0,1,3,,2,28,RT 125,LEMON AV,1584,S,N,A,-,Y,SD,11,125,-,-,14.44,H,-,S,Y,4,0,1,3,A,-,3,22350,,N,C,C,A,A,H,-,C,D,1,,,,,Y,,A,1,0,0,1,0,0,0,0,0,0,- ,- ,32.76422,-117.00215,SAN DIEGO,LA MESA,-117.0023209,32.7624228
6312195,2013,5/21/14,9680,12/19/13,1100,18152,,4,1,5,3708,0,1,3,,2,28,RT 125,AMAYA DR,250,S,N,B,C,Y,SD,11,125,-,-,18.61,H,-,S,Y,4,0,1,2,A,-,3,22350,,N,C,C,A,B,H,-,A,D,1,,,,,Y,,A,1,0,0,1,0,0,0,0,0,0,- ,- ,32.78665,-117.00663,SAN DIEGO,LA MESA,-117.0060432,32.7994674
6313665,2013,7/16/14,9680,12/16/13,1740,16494,,1,2,5,3708,0,1,1,,2,81,RT 8,SEVERIN DR,200,E,N,A,-,Y,SD,11,8,-,-,12.69,H,-,W,N,4,0,1,2,A,-,3,22350,,N,C,C,A,A,H,-,C,D,1,,,,,Y,,A,1,0,0,1,0,0,0,0,0,0,- ,- ,32.77939,-116.4995,SAN DIEGO,LA MESA,-116.9942199,32.7793413
6313673,2013,5/23/14,9680,12/10/13,1535,14631,,2,2,5,3708,0,1,1,,2,81,RT 8,JACKSON DR,2112,W,N,A,-,Y,SD,11,8,-,-,11.36,H,-,E,Y,4,0,2,2,A,-,3,22350,,N,C,C,A,A,H,-,A,D,1,,,,,Y,,A,1,0,0,2,0,0,0,0,0,0,- ,- ,32.77304,-117.01569,SAN DIEGO,LA MESA,-117.0169746,32.7725274
6314947,2013,5/29/14,9680,12/22/13,115,19822,,7,3,5,3708,0,1,1,,2,81,RT 8,BALTIMORE DR,1360,W,N,A,-,Y,SD,11,8,-,-,10.52,H,-,W,Y,2,0,1,1,A,-,1,23152,A,N,E,I,A,A,H,-,C,D,1,,,,,Y,Y,A,1,1,0,0,0,0,0,0,0,0,- ,- ,32.77388,-117.03567,SAN DIEGO,LA MESA,-117.0332474,32.7740948
6314951,2013,5/29/14,9680,12/25/13,1600,14631,,3,2,5,3708,0,1,1,,2,81,RT 8,GROSSMONT BL,48,E,N,A,-,Y,SD,11,8,-,-,13.05,H,-,W,Y,4,0,1,2,A,-,8,22107,,N,E,I,A,A,H,-,A,D,1,,,,,Y,,A,1,0,0,1,0,0,0,0,0,0,- ,- ,32.77904,-116.99019,SAN DIEGO,LA MESA,-116.9902655,32.7791987
6321161,2013,5/29/14,9680,12/5/13,501,18247,,4,3,5,3708,0,1,1,,2,81,RT 8,BALTIMORE DR,1584,E,N,C,-,Y,SD,11,8,-,-,11.11,H,-,W,Y,4,0,1,2,A,-,3,22350,,N,D,C,A,B,H,-,D,D,1,,,,,Y,,A,7,0,0,1,0,0,0,0,0,0,- ,- ,32.77105,-117.02106,SAN DIEGO,LA MESA,-117.021046,32.7711147
6321164,2013,5/29/14,9680,12/7/13,1415,19410,,6,2,5,3708,0,1,3,,2,28,RT 125,SPRING ST,450,S,N,B,C,Y,SD,11,125,-,-,13.4,H,-,N,Y,4,0,1,2,A,-,1,23152,A,M,E,I,A,B,H,-,A,D,1,,,,,Y,,D,22,0,0,1,0,0,0,0,0,0,- ,- ,32.75196,-117.01318,SAN DIEGO,LA MESA,-117.0118017,32.7530378
6333369,2013,5/28/14,3708,12/17/13,1851,1247,200,2,5,5,3708,0,0,0,,0,3,FLETCHER PKWY,BALTIMORE DR,0,,Y,A,-,N,,,,,,,,,,Y,4,0,3,3,A,-,9,21453,C,N,A,C,A,A,H,-,C,A,0,,,,,Y,,D,22,0,0,3,0,0,0,0,0,0,- ,- ,,,SAN DIEGO,LA MESA,-117.027462,32.7740049
6333862,2013,5/19/14,3708,12/27/13,630,1215,100,5,5,5,3708,0,0,0,,0,3,BALTIMORE DR,LAKE MURRAY BL,10,N,N,A,-,N,,,,,,,,,,N,4,0,1,2,A,-,5,21202,A,N,B,G,A,A,H,-,A,A,0,,Y,,,Y,,L,4,0,0,1,0,0,0,1,0,0,- ,- ,,,SAN DIEGO,LA MESA,-117.0331873,32.7810118
6333878,2013,5/19/14,3708,12/24/13,2214,1234,200,2,5,5,3708,0,0,0,,0,1,SPRING ST,HIGH ST,61,N,N,A,-,N,,,,,,,,,,N,4,0,1,2,A,-,1,23152,A,N,C,C,A,A,H,-,C,D,0,,,,,Y,Y,A,7,0,0,1,0,0,0,0,0,0,- ,- ,,,SAN DIEGO,LA MESA,-117.0165682,32.75754474
6334134,2014,2/1/16,9680,1/7/14,1720,17389,,2,2,5,3708,0,1,3,,2,28,RT 125,GROVE ST,1056,E,N,A,-,Y,SD,11,125,-,-,12.762,R,1,N,Y,4,0,2,1,A,-,8,22107,,N,F,A,A,A,H,-,D,D,1,,,,,Y,,D,22,0,0,2,0,0,0,0,0,0,TO,- ,32.74708,-117.0219,SAN DIEGO,LA MESA,-117.0181309,32.7452504
6348086,2014,3/15/16,9680,1/11/14,1157,15578,,6,1,5,3708,0,1,1,,2,81,RT 8,ALVARADO RD,93,N,N,A,-,Y,SD,11,8,-,-,9.466,R,2,E,Y,3,0,1,1,A,-,1,23152,A,N,E,I,A,A,H,-,A,A,1,,,,,Y,Y,A,1,0,1,0,0,0,0,0,0,0,TO,- ,32.77325,-117.04547,SAN DIEGO,LA MESA,-117.047955,32.7750839
6348094,2014,2/2/16,9680,1/18/14,430,20020,,6,3,5,3708,0,1,1,,2,81,RT 8,SPRING ST,493,E,N,A,-,Y,SD,11,8,-,-,11.12,H,-,W,Y,3,0,1,1,A,-,1,23152,A,N,E,I,A,A,H,-,D,D,1,,,,,Y,Y,A,1,0,1,0,0,0,0,0,0,0,- ,- ,32.77123,-117.02101,SAN DIEGO,LA MESA,-117.0210779,32.77110855
6348153,2014,2/1/16,9680,1/13/14,1758,19836,,1,2,5,3708,0,1,3,,2,28,RT 125,RT 8,878,S,N,A,-,Y,SD,11,125,-,R,15.18,H,-,S,Y,4,0,3,2,A,-,3,22350,,N,C,C,A,A,H,-,D,D,1,,,,,Y,,A,7,0,0,3,0,0,0,0,0,0,- ,- ,32.77519,-117.00302,SAN DIEGO,LA MESA,-117.0029217,32.77463224
6348157,2014,2/1/16,9680,1/16/14,1525,17389,,4,2,5,3708,0,1,3,,2,28,RT 125,MARIPOSA ST,893,S,N,A,-,Y,SD,11,125,-,-,13.95,H,-,S,Y,4,0,1,3,A,-,3,22350,,N,C,C,A,A,H,-,A,D,1,,,,,Y,,A,1,0,0,1,0,0,0,0,0,0,- ,- ,32.75787,-117.00663,SAN DIEGO,LA MESA,-117.0063943,32.75806617
6351977,2014,6/5/14,3708,1/14/14,1812,1214,400,2,5,5,3708,0,0,0,,0,4,FLETCHER PKWY,FLETCHER PKWY 8920,22,W,N,A,-,N,,,,,,,,,,Y,2,0,2,2,A,-,11,21456,B,N,G,B,B,A,H,-,C,A,0,Y,,,,Y,,N,60,1,1,0,0,1,0,0,0,0,- ,- ,,,SAN DIEGO,LA MESA,,
6365753,2014,3/15/16,9680,1/31/14,1745,18427,,5,2,5,3708,0,1,1,,2,81,RT 8,SEVERIN DR,528,W,N,B,-,Y,SD,11,125,-,R,15.345,R,1,S,Y,4,0,4,3,A,-,3,22350,,N,C,C,A,A,H,-,C,D,1,,,,Y,Y,,F,26,0,0,4,0,0,0,0,0,0,TO,- ,32.77945,-117.00052,SAN DIEGO,LA MESA,-117.0037639,32.77725378
6365967,2014,3/15/16,9680,2/5/14,800,14631,,3,1,5,3708,0,1,1,,2,81,RT 8,JACKSON DR,331,E,N,A,-,Y,SD,11,8,-,-,11.92,H,-,W,Y,4,0,1,1,A,-,8,22107,,N,E,I,A,A,H,-,A,D,1,,,,,Y,,A,1,0,0,1,0,0,0,0,0,0,- ,- ,32.77544,-117.00968,SAN DIEGO,LA MESA,-117.0087034,32.77592405
6368745,2013,5/7/14,3708,11/11/13,1034,ESTILL,400,1,5,5,3708,0,0,0,,0,2,EL CAJON BL,BALTIMORE DR,2,W,N,A,-,N,,,,,,,,,,Y,4,0,1,2,A,-,3,22350,,N,C,C,A,A,H,-,A,A,0,,,,,Y,,A,1,0,0,1,0,0,0,0,0,0,- ,- ,,,SAN DIEGO,LA MESA,-117.0249683,32.7697458
6368749,2013,5/7/14,3708,11/11/13,1427,8233,400,1,5,5,3708,0,0,0,,0,2,LA MESA BL,HAWLEY AV,23,W,N,A,-,N,,,,,,,,,,Y,4,0,5,2,A,-,9,21801,A,N,D,C,A,A,H,-,A,D,0,,,,,Y,,A,1,0,0,5,0,0,0,0,0,0,- ,- ,,,SAN DIEGO,LA MESA,-117.0043788,32.775066
6368757,2013,5/7/14,3708,11/9/13,1150,1117,100,6,5,5,3708,0,0,0,,0,1,UNIVERSITY AV,LOWELL AV,145,W,N,A,-,N,,,,,,,,,,N,4,0,1,2,A,-,9,21804,A,N,G,B,E,A,H,-,A,D,0,Y,,,,Y,,A,1,0,0,1,0,1,0,0,0,0,- ,- ,,,SAN DIEGO,LA MESA,-117.0376861,32.7574944
6368761,2013,5/7/14,3708,11/13/13,1607,1225,400,3,5,5,3708,0,0,0,,0,4,DALLAS ST,FLETCHER PKWY,0,,Y,A,-,N,,,,,,,,,,N,3,0,1,2,A,-,9,21801,A,N,D,G,A,A,H,-,A,A,0,,Y,,,Y,,A,1,0,1,0,0,0,0,1,0,0,- ,- ,,,SAN DIEGO,LA MESA,-117.002082,32.7924349
6368765,2013,5/7/14,3708,11/13/13,37,1228,200,3,5,5,3708,0,0,0,,0,1,SPRING ST,HIGH ST,300,S,N,A,-,N,,,,,,,,,,N,2,0,1,2,A,-,11,21955,,N,G,B,D,A,H,-,C,D,0,Y,,,,Y,,N,60,1,0,0,0,1,0,0,0,0,- ,- ,,,SAN DIEGO,LA MESA,-117.016257,32.75659511
6368769,2013,5/7/14,3708,11/8/13,1400,1237,20,5,5,5,3708,0,0,0,,0,1,LOWELL ST,NORMAL AV,0,,Y,A,-,N,,,,,,,,,,N,2,0,1,2,A,-,12,22450,A,F,G,B,B,A,H,-,B,A,0,Y,,,,Y,,A,1,1,0,0,0,1,0,0,0,0,- ,- ,,,SAN DIEGO,LA MESA,-117.034652,32.7544949
6368773,2013,5/7/14,3708,11/1/13,1754,1215,200,5,5,5,3708,0,0,0,,0,1,MASSACHUSETTS AV,CARMENITA RD,22,N,N,A,-,N,,,,,,,,,,N,3,0,2,2,A,-,9,21801,A,N,D,C,A,A,H,-,A,D,0,,,,,Y,,A,1,0,1,1,0,0,0,0,0,0,- ,- ,,,SAN DIEGO,LA MESA,-117.042821,32.747005
6368777,2013,5/7/14,3708,11/2/13,1154,1174,100,6,5,5,3708,0,0,0,,0,3,BALTIMORE DR,AZTEC DR,0,,Y,A,-,Y,,,,,,,,,,N,2,0,1,2,A,-,9,21801,A,N,D,G,A,A,H,-,A,A,0,,Y,,,Y,,A,1,1,0,0,0,0,0,1,0,0,- ,- ,,,SAN DIEGO,LA MESA,-117.028392,32.7765049
6368781,2013,5/7/14,3708,11/2/13,1529,1158,100,6,5,5,3708,0,0,0,,0,1,UNIVERSITY AV,MASSACHUSETTS AV,403,W,N,A,-,N,,,,,,,,,,Y,4,0,2,2,A,-,9,21804,A,N,D,C,A,A,H,-,A,D,0,,,,,Y,,A,1,0,0,2,0,0,0,0,0,0,- ,- ,,,SAN DIEGO,LA MESA,-117.0443528,32.7547766
6368931,2013,4/19/14,3708,10/31/13,1615,1212,400,4,5,5,3708,0,0,0,,0,1,UNIVERSITY AV,TROY LN,289,E,N,A,-,N,,,,,,,,,,Y,3,0,1,1,A,-,1,23152,A,N,E,I,A,A,H,-,A,D,0,,,,,Y,Y,A,1,0,1,0,0,0,0,0,0,0,- ,- ,,,SAN DIEGO,LA MESA,-117.0312402,32.7616823
6368935,2013,4/19/14,3708,10/30/13,1625,1217,400,3,5,5,3708,0,0,0,,0,3,FLETCHER PKWY,BALTIMORE DR,0,,Y,A,-,N,,,,,,,,,,Y,4,0,1,2,A,-,12,21453,A,N,D,C,A,A,H,-,A,A,0,,,,,Y,,A,1,0,0,1,0,0,0,0,0,0,- ,- ,,,SAN DIEGO,LA MESA,-117.027462,32.7740049
6368955,2013,4/19/14,3708,10/26/13,2330,1227,200,6,5,5,3708,0,0,0,,0,1,UNIVERSITY AV,YALE AV,0,,Y,A,-,N,,,,,,,,,,N,4,0,1,1,A,-,8,22107,,N,E,I,A,A,H,-,C,A,0,,,,,Y,,A,1,0,0,1,0,0,0,0,0,0,- ,- ,,,SAN DIEGO,LA MESA,-117.0401019,32.7559449
6368959,2013,4/19/14,3708,10/25/13,1820,1215,200,5,5,5,3708,0,0,0,,0,4,FLETCHER PKWY,AMAYA DR,50,W,N,A,-,N,,,,,,,,,,N,4,0,2,2,A,-,21,22106,,N,C,C,A,A,H,-,C,A,0,,,,,Y,,A,1,0,0,2,0,0,0,0,0,0,- ,- ,,,SAN DIEGO,LA MESA,-117.0032628,32.7866576
6375073,2014,2/1/16,9680,2/10/14,642,15962,,1,1,5,3708,0,1,3,,2,28,RT 125,SPRING ST,109,N,N,A,-,Y,SD,11,125,-,-,13.93,H,-,N,Y,4,0,1,2,A,-,3,22350,,N,C,C,A,A,H,-,A,D,1,,,Y,,Y,,C,2,0,0,1,0,0,0,0,0,1,- ,- ,32.75808,-117.00591,SAN DIEGO,LA MESA,-117.0066207,32.75764673
6381682,2014,6/7/14,3708,1/14/14,1312,1210,400,2,5,5,3708,0,0,0,,0,3,EL CAJON BL,LA MESA BL,2,E,N,A,-,N,,,,,,,,,,N,3,0,1,2,A,-,8,22100,A,N,B,G,A,A,H,-,A,A,0,,Y,,,Y,,A,1,0,1,0,0,0,0,1,0,0,- ,- ,,,SAN DIEGO,LA MESA,-117.0302336,32.76846078
6381686,2014,6/7/14,3708,1/11/14,733,1225,400,6,5,5,3708,0,0,0,,0,1,PARKS AV,ROSEBUD LN,123,S,N,A,-,N,,,,,,,,,,N,2,0,1,2,A,-,3,22350,,N,C,E,A,A,H,-,A,D,0,,,Y,,Y,,C,2,1,0,0,0,0,0,0,0,1,- ,- ,,,SAN DIEGO,LA MESA,-117.0328349,32.75879061
6381690,2014,6/7/14,3708,1/17/14,2123,1228,400,5,5,5,3708,0,0,0,,0,1,UNIVERSITY AV,MARIAN ST,0,,Y,A,-,N,,,,,,,,,,Y,4,0,1,2,A,-,9,21801,A,N,H,C,A,A,H,-,C,A,0,,,,,Y,,A,1,0,0,1,0,0,0,0,0,0,- ,- ,,,SAN DIEGO,LA MESA,-117.0466201,32.75478006
6381737,2014,2/1/16,3708,1/30/14,1100,1225,400,4,5,5,3708,0,0,0,,0,2,GROSSMONT BL,RT 125,0,,Y,B,-,Y,SD,11,125,-,R,14.964,R,4,N,Y,3,0,2,2,A,-,12,21453,A,N,D,C,A,A,H,-,A,A,0,,,,,Y,,A,1,0,1,1,0,0,0,0,0,0,- ,NF,,,SAN DIEGO,LA MESA,-117.0018031,32.771305
6381741,2014,6/7/14,3708,1/19/14,1048,1206,100,7,5,5,3708,0,0,0,,0,3,BALTIMORE DR,WELLESLEY ST,212,S,N,A,-,N,,,,,,,,,,N,4,0,1,2,A,-,11,21954,A,N,G,B,E,A,H,-,A,D,0,Y,,,,Y,,N,60,0,0,1,0,1,0,0,0,0,- ,- ,,,SAN DIEGO,LA MESA,-117.0321575,32.77969218
6381745,2014,6/7/14,3708,1/27/14,1730,1214,400,1,5,5,3708,0,0,0,,0,4,LA MESA BL,HAYES ST,263,W,N,A,-,N,,,,,,,,,,N,4,0,1,2,A,-,21,22106,,N,D,C,A,A,H,-,B,D,0,,,Y,,Y,,A,1,0,0,1,0,0,0,0,0,1,- ,- ,,,SAN DIEGO,LA MESA,-117.0071212,32.77139374
6381749,2014,6/7/14,3708,1/20/14,1153,1225,400,1,5,5,3708,0,0,0,,0,1,JESSIE AV,LA MESITA PL,38,N,N,A,-,N,,,,,,,,,,N,3,0,1,2,A,-,17,22517,,N,B,G,A,A,H,-,A,D,0,,Y,,,Y,,A,1,0,1,0,0,0,0,1,0,0,- ,- ,,,SAN DIEGO,LA MESA,-117.0375831,32.76701405
6381753,2014,6/7/14,3708,1/23/14,1838,1228,400,4,5,5,3708,0,0,0,,0,,70TH ST,ALVARADO RD,100,S,N,A,-,N,,,,,,,,,,Y,4,0,1,2,A,-,1,23153,A,F,C,C,A,A,H,-,C,A,0,,,,,Y,Y,A,8,0,0,1,0,0,0,0,0,0,- ,- ,,,SAN DIEGO,LA MESA,-117.0467175,32.77300518
6381757,2014,6/7/14,3708,1/17/14,738,1225,400,5,5,5,3708,0,0,0,,0,1,UNIVERSITY AV,PARKS AV,0,,Y,A,-,N,,,,,,,,,,N,4,0,1,2,A,-,10,21950,A,N,G,B,B,A,H,-,A,A,0,Y,,,,Y,,A,1,0,0,1,0,1,0,0,0,0,- ,- ,,,SAN DIEGO,LA MESA,-117.0332801,32.76042005
6381852,2014,6/18/14,3708,2/16/14,1209,1204,100,7,5,5,3708,0,0,0,,0,1,UNIVERSITY AV,DALE AV,0,,Y,A,-,N,,,,,,,,,,N,4,0,3,2,A,-,9,21802,A,N,D,C,A,A,H,-,A,A,0,,,,,Y,,A,1,0,0,3,0,0,0,0,0,0,- ,- ,32.76114,-117.03194,SAN DIEGO,LA MESA,-117.03196,32.76112001
6381856,2014,6/18/14,3708,2/11/14,1913,1214,400,2,5,5,3708,0,0,0,,0,1,UNIVERSITY AV,LOWELL ST,1,E,N,A,-,N,,,,,,,,,,Y,3,0,2,2,A,-,12,21453,A,N,D,C,A,A,H,-,C,A,0,,,,,Y,,A,1,0,1,1,0,0,0,0,0,0,- ,- ,,,SAN DIEGO,LA MESA,-117.0372274,32.75780168
6381860,2014,6/18/14,3708,2/8/14,2118,1228,400,6,5,5,3708,0,0,0,,0,3,LAKE MURRAY BL,DUGAN AV,55,S,N,A,-,N,,,,,,,,,,Y,3,0,1,1,A,-,1,23152,A,N,E,I,A,A,H,-,C,D,0,,,,,Y,Y,A,7,0,1,0,0,0,0,0,0,0,- ,- ,,,SAN DIEGO,LA MESA,-117.0227736,32.78845387
6381864,2014,6/18/14,3708,2/8/14,1135,1183,400,6,5,5,3708,0,0,0,,0,4,CENTER DR,JACKSON DR,300,E,N,A,-,N,,,,,,,,,,N,3,0,1,2,A,-,5,21650,1,N,D,G,A,A,H,-,A,-,0,,Y,,,Y,,L,4,0,1,0,0,0,0,1,0,0,- ,- ,,,SAN DIEGO,LA MESA,-117.0157202,32.77716081
6381872,2014,6/18/14,3708,2/6/14,1500,1217,400,4,5,5,3708,0,0,0,,0,3,PARKWAY DR,WELLESLEY ST,730,E,N,B,-,N,,,,,,,,,,Y,4,0,1,2,A,-,9,21804,A,N,D,C,A,A,H,-,A,D,0,,,,,Y,,A,7,0,0,1,0,0,0,0,0,0,- ,- ,,,SAN DIEGO,LA MESA,-117.0301553,32.77412003
6404462,2014,2/1/16,9680,2/13/14,743,15578,,4,1,5,3708,0,1,3,,2,28,RT 125,MARIPOSA ST,1056,S,N,A,-,Y,SD,11,125,-,-,13.91,H,-,N,Y,4,0,1,2,A,-,3,22350,,N,C,C,A,A,H,-,A,D,1,,,Y,,Y,,C,2,0,0,1,0,0,0,0,0,1,- ,- ,32.7573,-117.00717,SAN DIEGO,LA MESA,-117.0068528,32.75745352
6415370,2014,2/1/16,9680,3/15/14,1142,15578,,6,1,5,3708,0,1,3,,2,28,RT 125,GROSSMONT BL,1056,S,N,A,-,Y,SD,11,125,-,R,14.89,H,-,N,Y,4,0,1,2,A,-,7,21658,A,N,B,C,A,A,H,-,A,D,1,,,,,Y,,A,1,0,0,1,0,0,0,0,0,0,- ,- ,32.77034,-117.00195,SAN DIEGO,LA MESA,-117.0018198,32.77019481
6415377,2014,8/14/15,3708,3/9/14,1235,1,,7,5,5,3708,0,0,0,,0,,FLETCHER PKWY,BALTIMORE DR,172,E,N,A,-,N,,,,,,,,,,Y,3,0,1,1,A,-,8,22107,,N,F,A,A,A,H,-,A,D,0,,,Y,,Y,,C,2,0,1,0,0,0,0,0,0,1,- ,- ,32.77392,-117.02881,SAN DIEGO,LA MESA,-117.0268827,32.77411861
6418724,2014,6/23/14,3708,3/16/14,1356,1158,100,7,5,5,3708,0,0,0,,0,1,LA MESA BL,NEBO DR,60,W,N,A,-,N,,,,,,,,,,Y,4,0,2,4,A,-,8,22107,,N,C,E,E,A,H,-,A,D,0,Y,,,,Y,,D,22,0,0,2,0,1,0,0,0,0,- ,- ,,,SAN DIEGO,LA MESA,-117.0205658,32.76433968
6418728,2014,6/23/14,3708,3/14/14,913,1243,200,5,5,5,3708,0,0,0,,0,,LA MESA BL,HAWLEY AV,0,,Y,A,-,N,,,,,,,,,,N,4,0,1,2,A,-,9,21802,A,N,D,C,A,A,H,-,B,A,0,,,,,Y,,D,22,0,0,1,0,0,0,0,0,0,- ,- ,,,SAN DIEGO,LA MESA,-117.0043501,32.77518003
6418744,2014,7/3/14,3708,2/25/14,1555,1210,400,2,5,5,3708,0,0,0,,0,3,PARKWAY DR,MARYLAND AV,12,W,N,A,-,N,,,,,,,,,,Y,4,0,1,2,A,-,12,22450,A,N,D,C,A,A,H,-,A,A,0,,,,,Y,,A,1,0,0,1,0,0,0,0,0,0,- ,- ,,,SAN DIEGO,LA MESA,-117.0412988,32.77289243
6418817,2014,6/23/14,3708,3/20/14,745,1225,400,4,5,5,3708,0,0,0,,0,3,MOHAWK ST,WILLIAMS AV,108,W,N,A,-,N,,,,,,,,,,N,4,0,1,2,A,-,8,22107,,N,C,E,A,A,H,-,A,D,0,,,,Y,Y,,A,1,0,0,1,0,0,0,0,0,0,- ,- ,,,SAN DIEGO,LA MESA,-117.0374201,32.76965445
6420440,2014,6/21/14,3708,3/19/14,1745,1228,400,3,5,5,3708,0,0,0,,0,1,UNIVERSITY AV,70TH ST,85,W,N,A,-,N,,,,,,,,,,N,4,0,1,2,A,-,3,22350,,M,C,C,A,A,H,-,A,A,0,,,,,Y,,A,1,0,0,1,0,0,0,0,0,0,- ,- ,,,SAN DIEGO,LA MESA,-117.0478111,32.75536
6420444,2014,6/21/14,3708,3/2/14,400,1115,200,7,5,5,3708,0,0,0,,0,3,LAKE MURRAY BL,CONNECTICUT AV,127,N,N,B,-,N,,,,,,,,,,N,4,0,1,2,A,-,9,21804,A,N,C,C,A,A,H,-,C,D,0,,,,,Y,,A,1,0,0,1,0,0,0,0,0,0,- ,- ,,,SAN DIEGO,LA MESA,-117.0452178,32.77533554
6420448,2014,6/21/14,3708,3/3/14,1800,1214,400,1,5,5,3708,0,0,0,,0,1,UNIVERSITY AV,POMONA AV,12,W,N,B,-,N,,,,,,,,,,Y,2,0,1,2,A,-,9,21801,A,N,A,C,A,A,H,-,B,D,0,,,Y,,Y,,A,1,1,0,0,0,0,0,0,0,1,- ,- ,,,SAN DIEGO,LA MESA,-117.0386304,32.75687945
6425281,2014,6/23/14,3708,3/11/14,1045,1217,400,2,5,5,3708,0,0,0,,0,2,SPRING ST,LA MESA BL,0,,Y,A,-,N,,,,,,,,,,Y,4,0,1,2,A,-,12,21453,A,N,D,C,A,A,H,-,A,A,0,,,,,Y,,A,7,0,0,1,0,0,0,0,0,0,- ,- ,,,SAN DIEGO,LA MESA,-117.0200701,32.76455008