CASE_ID,ACCIDENT_YEAR,PROC_DATE,JURIS,COLLISION_DATE,COLLISION_TIME,OFFICER_ID,REPORTING_DISTRICT,DAY_OF_WEEK,CHP_SHIFT,POPULATION,CNTY_CITY_LOC,SPECIAL_COND,BEAT_TYPE,CHP_BEAT_TYPE,CITY_DIVISION_LAPD,CHP_BEAT_CLASS,BEAT_NUMBER,PRIMARY_RD,SECONDARY_RD,DISTANCE,DIRECTION,INTERSECTION,WEATHER_1,WEATHER_2,STATE_HWY_IND,CALTRANS_COUNTY,CALTRANS_DISTRICT,STATE_ROUTE,ROUTE_SUFFIX,POSTMILE_PREFIX,POSTMILE,LOCATION_TYPE,RAMP_INTERSECTION,SIDE_OF_HWY,TOW_AWAY,COLLISION_SEVERITY,NUMBER_KILLED,NUMBER_INJURED,PARTY_COUNT,PRIMARY_COLL_FACTOR,PCF_CODE_OF_VIOL,PCF_VIOL_CATEGORY,PCF_VIOLATION,PCF_VIOL_SUBSECTION,HIT_AND_RUN,TYPE_OF_COLLISION,MVIW,PED_ACTION,ROAD_SURFACE,ROAD_COND_1,ROAD_COND_2,LIGHTING,CONTROL_DEVICE,CHP_ROAD_TYPE,PEDESTRIAN_ACCIDENT,BICYCLE_ACCIDENT,MOTORCYCLE_ACCIDENT,TRUCK_ACCIDENT,NOT_PRIVATE_PROPERTY,ALCOHOL_INVOLVED,STWD_VEHTYPE_AT_FAULT,CHP_VEHTYPE_AT_FAULT,COUNT_SEVERE_INJ,COUNT_VISIBLE_INJ,COUNT_COMPLAINT_PAIN,COUNT_PED_KILLED,COUNT_PED_INJURED,COUNT_BICYCLIST_KILLED,COUNT_BICYCLIST_INJURED,COUNT_MC_KILLED,COUNT_MC_INJURED,PRIMARY_RAMP,SECONDARY_RAMP,LATITUDE,LONGITUDE,COUNTY,CITY,POINT_X,POINT_Y
8198895,2016,12/28/16,3708,12/7/16,1650,IM1268,,3,5,5,3708,0,0,0,,0,2,LA MESA BL,RANDLETT DR,0,,Y,A,-,N,,,,,,,,,,N,4,0,1,2,A,-,9,21802,A,N,D,C,A,A,H,-,B,A,0,,,,,Y,,A,1,0,0,1,0,0,0,0,0,0,- ,- ,,,SAN DIEGO,LA MESA,-117.0131,32.76879005
8198923,2016,9/13/17,3708,12/2/16,937,LM1158,,5,5,5,3708,0,0,0,,0,3,EL CAJON BL,BALTIMORE DR,200,E,N,A,-,N,,,,,,,,,,Y,4,0,1,3,A,-,3,22350,,N,C,C,A,A,H,-,A,A,0,,,,,Y,,A,1,0,0,1,0,0,0,0,0,0,- ,- ,,,SAN DIEGO,LA MESA,-117.02492,32.76983
8198927,2016,12/30/16,3708,12/4/16,1719,LM1225,,7,5,5,3708,0,0,0,,0,3,BALTIMORE DR,PARKWAY DR,32,N,N,A,-,N,,,,,,,,,,N,4,0,1,2,A,-,3,22350,,N,C,C,A,A,H,-,C,A,0,,,,,Y,,A,1,0,0,1,0,0,0,0,0,0,- ,- ,,,SAN DIEGO,LA MESA,-117.0274378,32.77468763
8198931,2016,12/28/16,3708,12/17/16,2234,LM1158,,6,5,5,3708,0,0,0,,0,2,SPRING ST,HIGH ST,39,S,N,A,-,N,,,,,,,,,,Y,4,0,1,2,A,-,1,23152,A,N,C,C,A,A,H,-,C,A,0,,,,,Y,Y,A,1,0,0,1,0,0,0,0,0,0,- ,- ,,,SAN DIEGO,LA MESA,-117.0165296,32.75726458
8198935,2016,12/28/16,3708,12/10/16,1522,LM1269,,6,5,5,3708,0,0,0,,0,1,70TH ST,TOWER ST,156,S,N,A,-,N,,,,,,,,,,N,4,0,1,2,A,-,4,21703,,N,C,C,A,A,H,-,A,A,0,,,,,Y,,A,1,0,0,1,0,0,0,0,0,0,- ,- ,,,SAN DIEGO,LA MESA,-117.0468397,32.7628228
8283909,2017,2/12/18,3708,1/5/17,1115,LM1225,,4,5,5,3708,0,0,0,,0,3,FLETCHER PKWY,BALTIMORE DR,771,W,N,C,-,Y,SD,11,8,-,-,10.484,R,2,E,Y,4,0,1,1,A,-,3,22350,,N,E,I,A,B,H,-,A,D,0,,,,,Y,,D,22,0,0,1,0,0,0,0,0,0,- ,- ,,,SAN DIEGO,LA MESA,-117.0314512,32.77374129
8283913,2016,1/24/17,3708,12/10/16,828,LM1267,,6,5,5,3708,0,0,0,,0,3,BALTIMORE DR,LAKE PARK WY,0,,Y,A,-,N,,,,,,,,,,Y,4,0,1,2,A,-,12,22450,A,F,D,C,A,A,H,-,A,A,0,,,,,Y,,D,22,0,0,1,0,0,0,0,0,0,- ,- ,,,SAN DIEGO,LA MESA,-117.0333301,32.78277006
8284100,2016,1/20/17,3708,12/15/16,1329,LM1266,,4,5,5,3708,0,0,0,,0,2,PALM AV,LEMON AV,65,S,N,A,-,N,,,,,,,,,,Y,4,0,1,3,A,-,9,21801,A,N,B,C,A,A,H,-,A,D,0,,,,,Y,,A,1,0,0,1,0,0,0,0,0,0,- ,- ,,,SAN DIEGO,LA MESA,-117.0183797,32.76397917
8284104,2016,1/20/17,3708,12/9/16,1625,LM8273,,5,5,5,3708,0,0,0,,0,2,LA MESA BL,GROSSMONT BL,0,,Y,A,-,N,,,,,,,,,,Y,4,0,1,3,A,-,12,21453,A,N,D,C,A,A,H,-,A,A,0,,,,,Y,,A,1,0,0,1,0,0,0,0,0,0,- ,- ,,,SAN DIEGO,LA MESA,-117.00514,32.77346011
8284112,2016,1/20/17,3708,12/28/16,1441,LM8233,,3,5,5,3708,0,0,0,,0,3,BALTIMORE DR,WELLESLEY ST,6,S,N,A,-,N,,,,,,,,,,Y,4,0,1,4,A,-,8,22107,,N,E,E,A,A,H,-,A,D,0,,,,,Y,,A,1,0,0,1,0,0,0,0,0,0,- ,- ,,,SAN DIEGO,LA MESA,-117.0326078,32.78010717
8284124,2016,1/20/17,3708,12/21/16,1542,LM8273,,3,5,5,3708,0,0,0,,0,4,JACKSON DR,PARKWAY DR,0,,Y,A,-,N,,,,,,,,,,Y,4,0,1,2,A,-,12,21453,A,N,D,C,A,A,H,-,A,A,0,,,,,Y,,A,1,0,0,1,0,0,0,0,0,0,- ,- ,,,SAN DIEGO,LA MESA,-117.0184201,32.77840007
8284128,2016,1/20/17,3708,12/20/16,1455,LM8273,,2,5,5,3708,0,0,0,,0,1,MASSACHUSETTS AV,WAITE DR,0,,Y,A,-,N,,,,,,,,,,Y,4,0,1,2,A,-,12,21453,A,N,D,C,A,A,H,-,A,A,0,,,,,Y,,A,1,0,0,1,0,0,0,0,0,0,- ,- ,,,SAN DIEGO,LA MESA,-117.04279,32.74624001
8284140,2016,1/20/17,3708,12/27/16,2129,LM1268,,2,5,5,3708,0,0,0,,0,1,70TH ST,ALAMO WY,35,S,N,A,-,N,,,,,,,,,,N,3,0,1,2,A,-,5,21650,1,N,D,G,A,A,H,-,C,D,0,,Y,,,Y,,L,4,0,1,0,0,0,0,1,0,0,- ,- ,,,SAN DIEGO,LA MESA,-117.0472276,32.75964702
8284144,2016,1/20/17,3708,12/29/16,1259,LM1269,,4,5,5,3708,0,0,0,,0,1,MARIAN ST,BOULEVARD AV,0,,Y,A,-,N,,,,,,,,,,N,3,0,2,2,A,-,9,21802,B,N,D,C,A,A,H,-,A,D,0,,,,,Y,,A,1,0,1,1,0,0,0,0,0,0,- ,- ,,,SAN DIEGO,LA MESA,-117.046791,32.754438
8284598,2017,2/12/18,3708,1/1/17,1528,IM1267,,7,5,5,3708,0,0,0,,0,3,LAKE MURRAY DR,PARKWAY DR,0,,Y,A,-,Y,SD,11,8,-,-,9.694,R,4,W,Y,2,0,3,2,A,-,12,21453,A,N,D,C,A,A,H,-,A,A,0,,,,,Y,,A,7,1,0,2,0,0,0,0,0,0,- ,- ,,,SAN DIEGO,LA MESA,-117.0444095,32.77349637
8284616,2016,1/23/17,3708,11/3/16,2051,LM1158,,4,5,5,3708,0,0,0,,0,4,FLETCHER PKWY,JACKSON DR,0,,Y,A,-,N,,,,,,,,,,Y,2,0,5,2,D,-,0,,,N,D,C,A,A,H,-,C,A,0,,,,,Y,Y,-,- ,2,1,2,0,0,0,0,0,0,- ,- ,,,SAN DIEGO,LA MESA,-117.01826,32.77762001
8287031,2016,1/23/17,3708,7/26/16,941,LM1158,,2,5,5,3708,0,0,0,,0,1,SPRING ST,GATESIDE RD,322,N,N,A,-,N,,,,,,,,,,N,2,0,1,2,A,-,9,21804,A,N,D,J,A,A,H,-,A,D,0,,Y,,,Y,,-,,1,0,0,0,0,0,1,0,0,- ,- ,,,SAN DIEGO,LA MESA,-117.0153974,32.75593224
8300727,2017,2/10/17,3708,1/22/17,1933,LM1247,,7,5,5,3708,0,0,0,,0,1,PARKS AV,EL CAJON BL,175,S,N,C,-,N,,,,,,,,,,Y,4,0,1,3,A,-,1,23152,F,M,B,E,A,B,H,-,C,D,0,,,,,Y,Y,A,1,0,0,1,0,0,0,0,0,0,- ,- ,,,SAN DIEGO,LA MESA,-117.0340034,32.7678054
8300731,2017,2/12/18,3708,1/16/17,900,LM1217,,1,5,5,3708,0,0,0,,0,1,SPRING ST,RT 8,0,,Y,A,-,Y,SD,11,8,-,-,11.161,R,4,E,Y,4,0,1,2,A,-,17,21451,A,N,D,C,A,A,H,-,A,A,0,,,,,Y,,D,22,0,0,1,0,0,0,0,0,0,- ,EO,,,SAN DIEGO,LA MESA,-117.0206662,32.77098546
8300782,2017,2/14/17,3708,1/6/17,740,LM1256,,5,5,5,3708,0,0,0,,0,1,STANFORD  AV,HARBINSON AV,54,E,N,A,-,N,,,,,,,,,,Y,4,0,1,2,A,-,3,22350,,N,C,E,A,A,H,-,A,-,0,,,,,Y,,A,8,0,0,1,0,0,0,0,0,0,- ,- ,,,SAN DIEGO,LA MESA,-117.0427426,32.75921552
8300795,2017,2/10/17,3708,1/18/17,524,LM1225,,3,5,5,3708,0,0,0,,0,1,MASSACHUSETTS AV,PEARSON ST W,168,N,N,A,-,N,,,,,,,,,,Y,2,0,2,3,A,-,0,23153,E,N,F,E,A,A,H,-,C,D,0,,,,,Y,,A,1,1,0,1,0,0,0,0,0,0,- ,- ,,,SAN DIEGO,LA MESA,-117.04278,32.74893015
8300799,2017,2/10/17,3708,1/21/17,2347,LM1158,,6,5,5,3708,0,0,0,,0,3,BALTIMORE DR,LAKE PARK WY,0,,Y,A,-,N,,,,,,,,,,Y,4,0,1,2,A,-,1,23152,A,N,A,C,A,A,H,-,C,A,0,,,,,Y,Y,D,22,0,0,1,0,0,0,0,0,0,- ,- ,,,SAN DIEGO,LA MESA,-117.0333301,32.78277006
8300899,2017,2/9/17,3708,1/16/17,1849,LM1247,,1,5,5,3708,0,0,0,,0,1,SPRING ST,PARK LN,89,N,N,A,-,N,,,,,,,,,,Y,4,0,1,2,A,-,8,22107,,N,D,C,A,A,H,-,C,D,0,,,,,Y,,A,1,0,0,1,0,0,0,0,0,0,- ,- ,,,SAN DIEGO,LA MESA,-117.014721,32.75564171
8300903,2017,2/9/17,3708,1/20/17,301,LM1245,,5,5,5,3708,0,0,0,,0,3,EL CAJON BL,LA MESA BL,245,W,N,C,-,N,,,,,,,,,,Y,4,0,1,1,A,-,1,23152,F,N,F,I,A,B,H,-,C,A,0,,,,,Y,Y,A,1,0,0,1,0,0,0,0,0,0,- ,- ,,,SAN DIEGO,LA MESA,-117.0310328,32.76845904
8300907,2017,2/9/17,3708,1/20/17,203,LM1244,,5,5,5,3708,0,0,0,,0,3,ALVARADO RD,ALVARADO RD 7407,0,,Y,C,-,N,,,,,,,,,,Y,3,0,1,1,A,-,3,22350,,N,A,I,A,B,H,-,C,D,0,,,,,Y,Y,A,1,0,1,0,0,0,0,0,0,0,- ,- ,,,SAN DIEGO,LA MESA,-117.038371,32.77271872
8300911,2017,2/9/17,3708,1/25/17,615,LM1210,,3,5,5,3708,0,0,0,,0,2,UNIVERSITY AV,PALM AV,11,W,N,A,-,N,,,,,,,,,,Y,3,0,1,2,A,-,0,23153,F,N,D,C,A,A,H,-,B,D,0,,,,,Y,,A,1,0,1,0,0,0,0,0,0,0,- ,- ,,,SAN DIEGO,LA MESA,-117.0192241,32.7677312
8300997,2017,2/9/17,3708,1/29/17,1633,LM1174,,7,5,5,3708,0,0,0,,0,2,MERRITT BL,WOODLAND AV,0,,Y,A,-,N,,,,,,,,,,Y,3,0,1,2,A,-,1,23153,A,N,D,C,A,A,H,-,A,D,0,,,,,Y,Y,A,8,0,1,0,0,0,0,0,0,0,- ,- ,,,SAN DIEGO,LA MESA,-117.0038401,32.75470005
8301009,2017,2/9/17,3708,1/14/17,1920,LM1158,,6,5,5,3708,0,0,0,,0,2,BANCROFT DR,MADISON AV,25,N,N,A,-,N,,,,,,,,,,N,4,0,1,2,A,-,3,22350,,M,C,C,A,A,H,-,C,A,0,,,,,Y,,-,99,0,0,1,0,0,0,0,0,0,- ,- ,,,SAN DIEGO,LA MESA,-117.0013895,32.76973847
8326043,2017,3/17/17,3708,2/8/17,1530,LM1217,,3,5,5,3708,0,0,0,,0,3,EL CAJON BL,BALTIMORE DR,380,W,N,A,-,N,,,,,,,,,,Y,4,0,1,2,A,-,9,21804,A,N,D,C,A,A,H,-,A,A,0,,,,,Y,,A,7,0,0,1,0,0,0,0,0,0,- ,- ,,,SAN DIEGO,LA MESA,-117.0262409,32.76949475
8326115,2017,3/21/17,3708,2/27/17,250,LM1247,,1,5,5,3708,0,0,0,,0,2,LA MESA BL,UNIVERSITY AV,340,S,N,C,-,N,,,,,,,,,,Y,3,0,1,2,A,-,8,22107,,N,D,E,A,B,H,-,C,D,0,,,,,Y,,A,1,0,1,0,0,0,0,0,0,0,- ,- ,,,SAN DIEGO,LA MESA,-117.0256858,32.76426809
8326119,2017,3/21/17,3708,2/8/17,732,LM1225,,3,5,5,3708,0,0,0,,0,1,SENECA PL,PARKS AV,49,W,N,A,-,N,,,,,,,,,,N,4,0,1,2,A,-,5,21650,,N,A,G,A,A,H,-,A,D,0,,Y,,,Y,,L,4,0,0,1,0,0,0,1,0,0,- ,- ,,,SAN DIEGO,LA MESA,-117.0340888,32.76185
8326123,2017,3/21/17,3708,2/19/17,1930,LM1247,,7,5,5,3708,0,0,0,,0,4,GROSSMONT CENTER DR,MURRAY DR,164,S,N,A,-,N,,,,,,,,,,N,4,0,1,2,A,-,11,21950,B,N,G,B,E,A,H,-,C,D,0,Y,,,,Y,,N,60,0,0,1,0,1,0,0,0,0,- ,- ,,,SAN DIEGO,LA MESA,-117.0064513,32.7784344
8326194,2017,12/28/17,3708,1/31/17,1128,LM1225,,2,5,5,3708,0,0,0,,0,3,ALVARADO RD,COMANCH DR,194,W,N,A,-,N,,,,,,,,,,N,4,0,1,2,A,-,9,21804,A,N,B,C,A,A,H,-,A,D,0,,,Y,,Y,,A,1,0,0,1,0,0,0,0,0,1,- ,- ,,,SAN DIEGO,LA MESA,-117.032252,32.77305851
8326206,2017,3/22/17,3708,2/2/17,1500,LM1217,,4,5,5,3708,0,0,0,,0,3,FLETCHER PKWY,MARENGO AV,64,W,N,A,-,N,,,,,,,,,,N,4,0,2,2,A,-,9,21453,B,N,B,C,A,A,H,-,A,A,0,,,,,Y,,A,1,0,0,2,0,0,0,0,0,0,- ,- ,,,SAN DIEGO,LA MESA,-117.023013,32.77531566
8326210,2017,5/24/17,3708,2/5/17,1150,LM1268,,7,5,5,3708,0,0,0,,0,3,AZTEC DR,LAKE MURRAY BL,0,,Y,A,-,N,,,,,,,,,,N,4,0,1,2,A,-,9,21801,A,M,A,C,A,A,H,-,A,A,0,,,,,Y,,A,1,0,0,1,0,0,0,0,0,0,- ,- ,,,SAN DIEGO,LA MESA,-117.02922,32.7828101
8326214,2017,3/22/17,3708,2/9/17,848,LM1210,,4,5,5,3708,0,0,0,,0,2,PALM AV,ECHO DR,10,W,N,A,-,N,,,,,,,,,,N,4,0,1,2,A,-,3,22350,,N,C,C,A,A,H,-,A,D,0,,,,,Y,,A,7,0,0,1,0,0,0,0,0,0,- ,- ,,,SAN DIEGO,LA MESA,-117.0144534,32.75636724
8326218,2017,3/22/17,3708,2/9/17,1743,LM1158,,4,5,5,3708,0,0,0,,0,2,FLETCHER PKWY,JACKSON DR,365,W,N,A,-,N,,,,,,,,,,Y,4,0,1,2,A,-,9,21804,A,N,D,C,A,A,H,-,D,D,0,,,,,Y,,A,8,0,0,1,0,0,0,0,0,0,- ,- ,,,SAN DIEGO,LA MESA,-117.0191194,32.77693329
8326222,2017,3/21/17,3708,2/15/17,754,LM8263,,3,5,5,3708,0,0,0,,0,1,UNIVERSITY AV,CULOWEE ST,0,,Y,A,-,N,,,,,,,,,,Y,4,0,2,3,A,-,3,22350,,N,C,C,A,A,H,-,A,A,0,,,,,Y,,A,1,0,0,2,0,0,0,0,0,0,- ,- ,,,SAN DIEGO,LA MESA,-117.0241401,32.76712009
8326226,2017,3/21/17,3708,2/15/17,1713,LM1158,,3,5,5,3708,0,0,0,,0,1,70TH ST,UNIVERSITY AV,60,N,N,A,-,N,,,,,,,,,,N,4,0,1,2,A,-,3,22350,,M,C,C,A,A,H,-,A,A,0,,,,,Y,,A,1,0,0,1,0,0,0,0,0,0,- ,- ,,,SAN DIEGO,LA MESA,-117.0475316,32.75549404
8326230,2017,8/21/17,3708,2/24/17,753,LM1249,,5,5,5,3708,0,0,0,,0,3,JACKSON DR,EL PASO ST,310,S,N,A,-,N,,,,,,,,,,N,3,0,2,2,A,-,2,21211,A,N,A,G,A,A,H,-,A,D,0,,Y,,,Y,,-,,0,1,1,0,0,0,1,0,0,- ,- ,,,SAN DIEGO,LA MESA,-117.0188286,32.78737202
8326234,2017,3/22/17,3708,2/26/17,1357,LM1255,,7,5,5,3708,0,0,0,,0,1,MASSACHUSETTS AV,UNIVERSITY AV,0,,Y,A,-,N,,,,,,,,,,Y,4,0,2,2,A,-,9,21453,C,N,D,C,A,A,H,-,A,A,0,,,,,Y,,A,1,0,0,2,0,0,0,0,0,0,- ,- ,,,SAN DIEGO,LA MESA,-117.0432,32.75519003
8326238,2017,3/21/17,3708,2/21/17,1232,LM1225,,2,5,5,3708,0,0,0,,0,3,JACKSON DR,EL PASO ST,0,,Y,A,-,N,,,,,,,,,,Y,4,0,1,2,A,-,9,21801,A,N,D,C,A,A,H,-,A,A,0,,,,,Y,,A,1,0,0,1,0,0,0,0,0,0,- ,- ,,,SAN DIEGO,LA MESA,-117.0184001,32.78814
8328110,2017,4/18/17,3708,1/31/17,1323,LM1210,,2,5,5,3708,0,0,0,,0,3,BALTIMORE DR,AZTEC DR,0,,Y,A,-,N,,,,,,,,,,Y,4,0,2,2,A,-,9,21802,A,N,D,C,A,A,H,-,A,D,0,,,,,Y,,A,1,0,0,2,0,0,0,0,0,0,- ,- ,,,SAN DIEGO,LA MESA,-117.0283601,32.77656002
8328114,2017,4/18/17,3708,1/30/17,800,LM1217,,1,5,5,3708,0,0,0,,0,2,SPRING ST,FINLEY AV,105,N,N,A,-,N,,,,,,,,,,N,4,0,1,1,A,-,3,22350,,M,F,A,A,A,H,-,A,D,0,,,Y,,Y,,C,3,0,0,1,0,0,0,0,0,1,- ,- ,,,SAN DIEGO,LA MESA,-117.0187987,32.76233867
8328137,2017,4/18/17,3708,2/1/17,952,LM8263,,3,5,5,3708,0,0,0,,0,2,BALTIMORE DR,EL CAJON BL,0,,Y,A,-,N,,,,,,,,,,Y,4,0,2,2,A,-,12,21453,A,N,F,C,A,A,H,-,A,A,0,,,,,Y,,A,1,0,0,2,0,0,0,0,0,0,- ,- ,,,SAN DIEGO,LA MESA,-117.02506,32.76979009
8329034,2017,3/27/17,3708,3/3/17,1412,8273,,5,5,5,3708,0,0,0,,0,2,ECHO DR,PALM AV,69,E,N,A,-,N,,,,,,,,,,Y,4,0,1,2,A,-,3,22350,,N,C,C,A,A,H,-,A,D,0,,,,,Y,,A,1,0,0,1,0,0,0,0,0,0,- ,- ,,,SAN DIEGO,LA MESA,-117.0142264,32.75634392
8329077,2017,3/27/17,3708,2/24/17,1958,IM1263,,5,5,5,3708,0,0,0,,0,4,CENTER DR,MALL ENTRANCE,0,,Y,A,-,N,,,,,,,,,,Y,4,0,1,2,A,-,9,21801,A,N,D,C,A,A,H,-,C,A,0,,,,,Y,Y,-,,0,0,1,0,0,0,0,0,0,- ,- ,,,SAN DIEGO,LA MESA,,
8329161,2017,3/27/17,3708,3/11/17,1549,LM1256,,6,5,5,3708,0,0,0,,0,3,PARKWAY DR,BALTIMORE DR,1263,W,N,A,-,N,,,,,,,,,,Y,3,0,1,2,A,-,1,23152,B,M,B,E,A,A,H,-,A,D,0,,,,,Y,Y,A,1,0,1,0,0,0,0,0,0,0,- ,- ,,,SAN DIEGO,LA MESA,-117.0313714,32.77434816
8329165,2017,3/27/17,3708,3/8/17,1433,LM1225,,3,5,5,3708,0,0,0,,0,1,JUNIOR HIGH DR,CINNABAR DR,183,W,N,A,-,N,,,,,,,,,,N,3,0,1,2,A,-,11,21954,A,N,G,B,D,A,H,-,A,D,0,Y,,,,Y,,N,60,0,1,0,0,1,0,0,0,0,- ,- ,,,SAN DIEGO,LA MESA,-117.0288093,32.75617349
8348833,2017,2/14/18,3708,3/11/17,1123,LM1257,,6,5,5,3708,0,0,0,,0,2,SPRING ST,RT 8,53,S,N,A,-,Y,SD,11,8,-,-,11.161,R,4,E,Y,4,0,1,4,A,-,3,22350,,N,B,C,A,A,H,-,A,A,0,,,,,Y,,A,1,0,0,1,0,0,0,0,0,0,- ,EO,,,SAN DIEGO,LA MESA,-117.0206662,32.77098546
8349817,2017,5/4/17,3708,3/22/17,1555,LM1210,,3,5,5,3708,0,0,0,,0,4,SEVERIN DR,CAMPINA DR,58,S,N,A,-,N,,,,,,,,,,Y,4,0,2,2,A,-,3,22350,,N,C,C,A,A,H,-,A,D,0,,,,,Y,,D,22,0,0,2,0,0,0,0,0,0,- ,- ,,,SAN DIEGO,LA MESA,-116.9983372,32.78506753
8349880,2017,5/2/17,3708,4/1/17,29,LM1245,,6,5,5,3708,0,0,0,,0,1,UNIVERSITY AV,LEE AV,324,E,N,A,-,N,,,,,,,,,,Y,3,0,1,1,A,-,3,22350,,N,F,I,A,A,D,-,D,D,0,,,,,Y,,A,1,0,1,0,0,0,0,0,0,0,- ,- ,,,SAN DIEGO,LA MESA,-117.0286103,32.76323979
8349884,2017,5/2/17,3708,4/13/17,121,LM1273,,4,5,5,3708,0,0,0,,0,1,MASSACHUSETTS AV,PEARSON ST,200,S,N,A,-,N,,,,,,,,,,Y,3,0,1,2,A,-,8,22107,,N,A,E,A,A,H,-,C,D,0,,,,,Y,,A,1,0,1,0,0,0,0,0,0,0,- ,- ,,,SAN DIEGO,LA MESA,-117.042783,32.74792221
8349892,2017,5/2/17,3708,4/15/17,2151,LM1273,,6,5,5,3708,0,0,0,,0,1,WAITE DR,JILL LN,207,W,N,A,-,N,,,,,,,,,,Y,4,0,1,3,A,-,1,23152,A,N,C,E,A,A,H,-,C,D,0,,,,,Y,,A,1,0,0,1,0,0,0,0,0,0,- ,- ,,,SAN DIEGO,LA MESA,-117.0461909,32.74620001
8352293,2017,6/12/17,3708,3/9/17,830,LM8233,,4,5,5,3708,0,0,0,,0,2,ALVARADO RD,70TH ST,49,E,N,A,-,N,,,,,,,,,,Y,4,0,2,2,A,-,3,22350,,N,C,C,A,A,H,-,A,A,0,,,,,Y,,A,1,0,0,2,0,0,0,0,0,0,- ,- ,,,SAN DIEGO,LA MESA,-117.0464492,32.77321778
8352406,2017,5/17/17,3708,3/11/17,1550,LM1256,,6,5,5,3708,0,0,0,,0,3,PARKWAY DR,BALTIMORE DR,2283,W,N,A,-,N,,,,,,,,,,Y,3,0,1,4,A,-,1,23152,A,N,B,E,A,A,H,-,A,D,0,,,,,Y,Y,A,1,0,1,0,0,0,0,0,0,0,- ,- ,,,SAN DIEGO,LA MESA,-117.0345953,32.77439387
8353927,2017,5/5/17,3708,3/19/17,1853,LM1247,,7,5,5,3708,0,0,0,,0,4,GROSSMONT CENTER DR,GROSSMONT CENTER DR 5555,0,,Y,A,-,N,,,,,,,,,,Y,4,0,1,2,A,-,1,23152,A,F,G,B,-,A,H,-,A,D,0,Y,,,,Y,Y,A,7,0,0,1,0,1,0,0,0,0,- ,- ,,,SAN DIEGO,LA MESA,-117.0090508,32.77933994
8358528,2017,5/4/17,3708,3/13/17,2259,LM1247,,1,5,5,3708,0,0,0,,0,1,MASSACHUSETTS AV,BLACKTON DR,0,,Y,A,-,N,,,,,,,,,,N,3,0,1,2,A,-,8,22107,,N,A,C,A,A,H,-,C,D,0,,,Y,,Y,,A,7,0,1,0,0,0,0,0,0,1,- ,- ,,,SAN DIEGO,LA MESA,-117.0434101,32.75334002
8358532,2017,5/4/17,3708,3/25/17,1055,LM1258,,6,5,5,3708,0,0,0,,0,3,BALTIMORE DR,AZTEC DR,0,,Y,A,-,N,,,,,,,,,,N,4,0,3,2,A,-,9,21800,A,N,D,C,A,A,H,-,A,A,0,,,,,Y,,A,1,0,0,3,0,0,0,0,0,0,- ,- ,,,SAN DIEGO,LA MESA,-117.0283601,32.77656002
8358536,2017,5/4/17,3708,3/30/17,750,LM8233,,4,5,5,3708,0,0,0,,0,1,UNIVERSITY AV,SPRING ST,53,E,N,A,-,N,,,,,,,,,,N,3,0,1,2,A,-,12,21453,A,N,D,G,A,A,H,-,A,A,0,,Y,,,Y,,L,4,0,1,0,0,0,0,1,0,0,- ,- ,,,SAN DIEGO,LA MESA,-117.0215583,32.7674144
8358540,2017,5/25/17,3708,3/27/17,601,LM1274,,1,5,5,3708,0,0,0,,0,3,LAKE MURRAY BL,COWLES MOUNTAIN BL,0,,Y,A,-,N,,,,,,,,,,N,4,0,1,2,A,-,21,22106,,N,D,G,A,A,H,-,D,A,0,,Y,,,Y,,A,7,0,0,1,0,0,0,1,0,0,- ,- ,,,SAN DIEGO,LA MESA,-117.02936,32.78288
8359845,2017,2/14/18,3708,3/20/17,1643,LM1174,,1,5,5,3708,0,0,0,,0,2,GROSSMONT BL,RT 125,0,,Y,A,-,Y,SD,11,125,-,R,15.345,R,4,S,N,3,0,1,2,A,-,12,21453,A,N,D,G,A,A,H,-,A,A,0,,Y,,,Y,,L,4,0,1,0,0,0,0,1,0,0,- ,SF,,,SAN DIEGO,LA MESA,-117.0037639,32.77725378
8362163,2016,5/22/17,3708,10/17/16,2355,6372,,1,5,5,3708,0,0,0,,0,999,KING ST,WAITE ST,172,S,N,A,-,N,,,,,,,,,,N,4,0,1,2,A,-,8,22107,,N,B,E,A,A,B,-,D,B,0,,,,,Y,,A,7,0,0,1,0,0,0,0,0,0,- ,- ,,,SAN DIEGO,LA MESA,-117.0481317,32.74572894
8374949,2017,6/28/17,3708,5/20/17,2356,LM1259,,6,5,5,3708,0,0,0,,0,1,UNIVERSITY AV,PARKS AV,0,,Y,A,-,N,,,,,,,,,,Y,3,0,1,2,A,-,3,22350,,N,C,C,A,A,H,-,C,A,0,,,,Y,Y,Y,F,26,0,1,0,0,0,0,0,0,0,- ,- ,,,SAN DIEGO,LA MESA,-117.0332801,32.76042005
8375394,2017,6/8/17,3708,4/5/17,2056,LM1273,,3,5,5,3708,0,0,0,,0,4,AMAYA DR,GREGORY ST,220,W,N,A,-,N,,,,,,,,,,Y,4,0,1,2,A,-,1,23152,A,M,A,E,A,A,H,-,C,D,0,,,,,Y,,A,1,0,0,1,0,0,0,0,0,0,- ,- ,,,SAN DIEGO,LA MESA,-116.990458,32.78929428
8375398,2017,6/8/17,3708,4/16/17,1405,LM1258,,7,5,5,3708,0,0,0,,0,4,FLETCHER PKWY,JACKSON DR,0,,Y,A,-,N,,,,,,,,,,N,4,0,1,2,A,-,12,21453,A,N,D,C,A,A,H,-,A,A,0,,,,,Y,,A,1,0,0,1,0,0,0,0,0,0,- ,- ,,,SAN DIEGO,LA MESA,-117.01826,32.77762001