CASE_ID,ACCIDENT_YEAR,PROC_DATE,JURIS,COLLISION_DATE,COLLISION_TIME,OFFICER_ID,REPORTING_DISTRICT,DAY_OF_WEEK,CHP_SHIFT,POPULATION,CNTY_CITY_LOC,SPECIAL_COND,BEAT_TYPE,CHP_BEAT_TYPE,CITY_DIVISION_LAPD,CHP_BEAT_CLASS,BEAT_NUMBER,PRIMARY_RD,SECONDARY_RD,DISTANCE,DIRECTION,INTERSECTION,WEATHER_1,WEATHER_2,STATE_HWY_IND,CALTRANS_COUNTY,CALTRANS_DISTRICT,STATE_ROUTE,ROUTE_SUFFIX,POSTMILE_PREFIX,POSTMILE,LOCATION_TYPE,RAMP_INTERSECTION,SIDE_OF_HWY,TOW_AWAY,COLLISION_SEVERITY,NUMBER_KILLED,NUMBER_INJURED,PARTY_COUNT,PRIMARY_COLL_FACTOR,PCF_CODE_OF_VIOL,PCF_VIOL_CATEGORY,PCF_VIOLATION,PCF_VIOL_SUBSECTION,HIT_AND_RUN,TYPE_OF_COLLISION,MVIW,PED_ACTION,ROAD_SURFACE,ROAD_COND_1,ROAD_COND_2,LIGHTING,CONTROL_DEVICE,CHP_ROAD_TYPE,PEDESTRIAN_ACCIDENT,BICYCLE_ACCIDENT,MOTORCYCLE_ACCIDENT,TRUCK_ACCIDENT,NOT_PRIVATE_PROPERTY,ALCOHOL_INVOLVED,STWD_VEHTYPE_AT_FAULT,CHP_VEHTYPE_AT_FAULT,COUNT_SEVERE_INJ,COUNT_VISIBLE_INJ,COUNT_COMPLAINT_PAIN,COUNT_PED_KILLED,COUNT_PED_INJURED,COUNT_BICYCLIST_KILLED,COUNT_BICYCLIST_INJURED,COUNT_MC_KILLED,COUNT_MC_INJURED,PRIMARY_RAMP,SECONDARY_RAMP,LATITUDE,LONGITUDE,COUNTY,CITY,POINT_X,POINT_Y
90583903,2017,10/31/17,9680,10/21/17,627,15877,,6,1,5,3708,0,1,1,,2,81,I-8 E/B,JACKSON DR.,528,W,N,A,-,Y,,,8,,,,,,E,Y,4,0,1,4,C,-,18,,,N,D,C,A,A,H,-,D,D,0,,,,,Y,,-,- ,0,0,1,0,0,0,0,0,0,- ,- ,32.77338,-117.01479,SAN DIEGO,LA MESA,-117.014827,32.77348148
90584146,2017,10/31/17,9680,10/21/17,1708,19270,,6,2,5,3708,0,1,1,,2,81,I-8 W/B TO JACKSON DRIVE,JACKSON DR,300,S,N,A,-,Y,,,8,,,,R,,W,N,3,0,1,2,A,-,3,22350,,N,C,C,A,A,H,-,A,A,0,,,,,Y,,A,1,0,1,0,0,0,0,0,0,0,- ,- ,32.77493,-117.01323,SAN DIEGO,LA MESA,-117.01323,32.77493
90586051,2017,11/2/17,9680,10/25/17,900,15877,,3,1,5,3708,0,1,1,,2,81,I-8 W/B,SEVERIN DR.,100,E,N,A,-,Y,,,8,,,,,,W,N,4,0,1,3,A,-,4,21703,,N,C,C,A,A,H,-,A,D,0,,,,,Y,,I,10,0,0,1,0,0,0,0,0,0,- ,- ,32.7795,-116.99654,SAN DIEGO,LA MESA,-116.9965403,32.77941642
9058746,2020,5/21/20,3708,2/19/20,2027,LM1259,,3,5,5,3708,0,0,0,,0,4,MELLMANOR DR,ODESSA AV,263,W,N,A,-,N,,,,,,,,,,N,3,0,1,2,A,-,1,23152,B,M,D,E,A,A,H,-,C,D,0,,,,,Y,Y,A,1,0,1,0,0,0,0,0,0,0,- ,- ,,,SAN DIEGO,LA MESA,-117.0118713,32.78339767
9058963,2020,5/27/20,3708,2/25/20,755,LM8288,,2,5,5,3708,0,0,0,,0,1,UNIVERSITY AV,BALTIMORE DR,289,W,N,A,-,N,,,,,,,,,,Y,4,0,1,2,A,-,17,21209,,N,D,C,A,A,H,-,A,D,0,,,,,Y,,A,1,0,0,1,0,0,0,0,0,0,- ,- ,,,SAN DIEGO,LA MESA,-117.0240707,32.76718903
9058967,2020,6/17/20,3708,2/18/20,1727,LM1285,,2,5,5,3708,0,0,0,,0,1,MASSACHUSETTS AV,BLACKTON DR,158,S,N,A,-,N,,,,,,,,,,Y,4,0,1,2,A,-,3,22350,,N,C,C,A,A,H,-,B,D,0,,,,,Y,,A,1,0,0,1,0,0,0,0,0,0,- ,- ,,,SAN DIEGO,LA MESA,-117.0432358,32.75293732
90590115,2017,11/8/17,9680,10/28/17,1305,19270,,6,1,5,3708,0,1,1,,2,81,I-8 E/B FROM EL CAJON BLVD,BALTIMORE DR,1584,E,N,A,-,Y,,,8,,,,R,,E,Y,3,0,1,1,A,-,3,22350,,N,F,A,A,A,H,-,A,D,0,,,Y,,Y,,C,2,0,1,0,0,0,0,0,0,1,- ,- ,32.7711,-117.01965,SAN DIEGO,LA MESA,-117.01965,32.7711
9059034,2020,5/26/20,3708,2/8/20,2039,LM1259,,6,5,5,3708,0,0,0,,0,3,JACKSON DR,EL PASO ST,9,E,N,A,-,N,,,,,,,,,,N,3,0,1,2,A,-,9,21801,A,N,D,C,A,A,H,-,C,A,0,,,,,Y,,A,1,0,1,0,0,0,0,0,0,0,- ,- ,,,SAN DIEGO,LA MESA,-117.0183868,32.78816223
9059038,2020,6/22/20,3708,2/19/20,800,LM1206,,3,5,5,3708,0,0,0,,0,3,EL CAJON BL,GUAVA AV,0,,Y,A,-,N,,,,,,,,,,N,4,0,1,3,A,-,12,21453,A,N,D,C,A,A,H,-,A,A,0,,,,,Y,,A,1,0,0,1,0,0,0,0,0,0,- ,- ,,,SAN DIEGO,LA MESA,-117.0282288,32.76892853
90591817,2017,11/9/17,9680,11/1/17,1655,17717,,3,2,5,3708,0,1,3,,2,28,SR-125 S/B,MURRAY DR,265,S,N,B,-,Y,,,125,,,,,,S,Y,4,0,1,2,A,-,3,22350,,N,C,C,A,A,H,-,A,A,0,,,,,Y,,A,7,0,0,1,0,0,0,0,0,0,- ,- ,32.77893,-117.00415,SAN DIEGO,LA MESA,-117.0042714,32.77889247
90594972,2017,11/15/17,9680,11/4/17,1844,19998,,6,2,5,3708,0,1,3,,2,28,SR-125 N/B,LEMON AVE.,730,S,N,A,-,Y,,,125,,,,,,N,Y,4,0,2,2,A,-,3,22350,,N,C,C,A,A,H,-,C,D,0,,,,,Y,,A,1,0,0,2,0,0,0,0,0,0,- ,- ,32.76588,-117.00194,SAN DIEGO,LA MESA,-117.0020242,32.76587671
9059605,2020,3/24/20,3708,3/6/20,2004,LM1283,,5,5,5,3708,0,0,0,,0,2,SPRING ST,FRESNO AV,234,S,N,A,-,N,,,,,,,,,,N,4,0,1,2,A,-,3,22350,,N,C,C,A,A,H,-,C,D,0,,,,,Y,,A,1,0,0,1,0,0,0,0,0,0,- ,- ,,,SAN DIEGO,LA MESA,-117.0181198,32.76112747
90596192,2017,11/16/17,9680,11/5/17,1655,19998,,7,2,5,3708,0,1,3,,2,28,SR-125 S/B TO SPRING ST.,SPRING ST,100,N,N,A,-,Y,,,125,,,,R,,S,N,4,0,1,2,A,-,21,22106,,M,C,C,A,A,H,-,B,A,0,,,,,Y,,A,7,0,0,1,0,0,0,0,0,0,- ,- ,32.7543,-117.0121,SAN DIEGO,LA MESA,-117.0121,32.7543
90597079,2017,11/17/17,9680,11/7/17,1812,18427,,2,2,5,3708,0,1,1,,2,81,I-8 W/B,SEVERIN DR,600,E,N,A,-,Y,,,8,,,,,,W,Y,3,0,1,3,A,-,7,21658,A,N,B,C,A,A,H,-,C,D,0,,,Y,,Y,,D,22,0,1,0,0,0,0,0,0,1,- ,- ,32.77943,-116.99515,SAN DIEGO,LA MESA,-116.9951513,32.77937166
90599903,2017,11/21/17,9680,11/11/17,1405,18356,,6,2,5,3708,0,1,3,,2,28,SR-125 S/B,MARIPOSA ST,528,S,N,A,-,Y,,,125,,,,,,S,N,4,0,1,2,A,-,4,21703,,N,C,C,A,A,H,-,A,D,0,,,,,Y,,A,1,0,0,1,0,0,0,0,0,0,- ,- ,32.75867,-117.00565,SAN DIEGO,LA MESA,-117.0056227,32.758633
90601215,2017,11/22/17,9680,11/13/17,1740,20116,,1,2,5,3708,0,1,1,,2,81,I-8 W/B,SEVERIN DR,200,W,N,A,-,Y,,,8,,,,,,W,Y,3,0,2,3,A,-,3,22350,,N,C,C,A,A,H,-,D,D,0,,,,,Y,,A,1,0,2,0,0,0,0,0,0,0,- ,- ,32.77972,-116.99764,SAN DIEGO,LA MESA,-116.9976528,32.77945113
90602556,2017,11/27/17,9680,11/14/17,643,15877,,2,1,5,3708,0,1,1,,2,81,I-8 W/B,LAKE MURRAY BLVD.,3168,E,N,A,-,Y,,,8,,,,,,W,Y,4,0,1,3,A,-,4,21703,,N,C,C,A,A,H,-,A,D,0,,,,,Y,,A,1,0,0,1,0,0,0,0,0,0,- ,- ,32.77356,-117.03638,SAN DIEGO,LA MESA,-117.0363881,32.77359136
90602758,2017,11/27/17,9680,11/25/17,1855,19270,,6,2,5,3708,0,1,1,,2,81,I-8 W/B FROM JACKSON DR,JACKSON DR,45,W,N,A,-,Y,,,8,,,,R,,W,Y,3,0,1,2,A,-,3,22350,,N,C,C,A,A,H,-,C,D,0,,,,,Y,,A,1,0,1,0,0,0,0,0,0,0,- ,- ,32.77593,-117.01364,SAN DIEGO,LA MESA,-117.01364,32.77593
90603281,2017,11/27/17,9680,11/15/17,1910,18583,,3,2,5,3708,0,1,1,,2,81,I-8 E/B,70TH ST,750,E,N,A,-,Y,,,8,,,,,,E,Y,4,0,1,4,A,-,3,22350,,N,C,C,A,A,H,-,C,D,0,,,,,Y,,A,1,0,0,1,0,0,0,0,0,0,- ,- ,32.77307,-117.04391,SAN DIEGO,LA MESA,-117.043903,32.77308942
90603577,2017,11/28/17,9680,11/15/17,1124,15070,,3,1,5,3708,0,1,3,,2,28,SR-125 S/B TO E/B I-8,I-8 E/B,100,S,N,B,-,Y,,,125,,,,R,,S,N,3,0,1,1,A,-,8,22107,,N,E,I,A,A,H,-,A,D,0,,,Y,,Y,,C,2,0,1,0,0,0,0,0,0,1,- ,- ,32.77706,-117.00365,SAN DIEGO,LA MESA,-117.00365,32.77706
90605064,2017,11/29/17,9680,11/19/17,300,21859,,7,3,5,3708,0,1,1,,2,81,I-8 E/B,LA MESA BLVD,2112,W,N,A,-,Y,,,8,,,,,,E,Y,3,0,1,1,A,-,1,23152,A,N,E,I,A,A,H,-,C,A,0,,,,,Y,Y,A,1,0,1,0,0,0,0,0,0,0,- ,- ,32.77489,-117.01058,SAN DIEGO,LA MESA,-117.0106233,32.77500894
90605582,2017,11/30/17,9680,11/20/17,1740,18583,,1,2,5,3708,0,1,1,,2,81,I-8 E/B,SEVERIN DR,1584,E,N,A,-,Y,,,8,,,,,,E,Y,4,0,1,2,A,-,3,22350,,N,C,C,A,A,H,-,C,D,0,,,,,Y,,A,7,0,0,1,0,0,0,0,0,0,- ,- ,32.77927,-116.99228,SAN DIEGO,LA MESA,-116.9922879,32.77901962
90605587,2017,11/30/17,9680,11/20/17,1840,18583,,1,2,5,3708,0,1,1,,2,81,I-8 W/B,SEVERIN DR,10560,E,N,A,-,Y,,,8,,,,,,W,Y,4,0,3,5,A,-,3,22350,,N,C,C,A,A,H,-,C,D,0,,,,,Y,,A,7,0,0,3,0,0,0,0,0,0,- ,- ,32.77927,-116.99228,SAN DIEGO,LA MESA,-116.9922805,32.77925543
90609746,2017,12/4/17,9680,11/22/17,1620,18583,,3,2,5,3708,0,1,1,,2,81,I-8 W/B TO JACKSON DR,JACKSON DR,1,W,N,A,-,Y,,,8,,,,R,,W,Y,4,0,1,4,A,-,3,22350,,N,C,C,A,A,A,-,B,D,0,,,,,Y,,A,1,0,0,1,0,0,0,0,0,0,- ,- ,32.77515,-117.01126,SAN DIEGO,LA MESA,-117.01126,32.77515
90613087,2017,12/8/17,9680,11/29/17,1750,20116,,3,2,5,3708,0,1,1,,2,81,I-8 E/B,LAKE MURRAY BLVD,1056,W,N,A,-,Y,,,8,,,,,,E,N,4,0,1,3,A,-,3,22350,,N,C,C,A,A,H,-,D,D,0,,,,,Y,,A,1,0,0,1,0,0,0,0,0,0,- ,- ,32.77445,-117.04681,SAN DIEGO,LA MESA,-117.0467928,32.77448204
90613352,2017,12/8/17,9680,11/30/17,813,15877,,4,1,5,3708,0,1,1,,2,81,I-8 W/B,LAKE MURRAY BLVD.,845,E,N,A,-,Y,,,8,,,,,,W,Y,4,0,2,2,A,-,3,22350,,N,C,C,A,A,H,-,A,D,0,,,,,Y,,A,1,0,0,2,0,0,0,0,0,0,- ,- ,32.77321,-117.04347,SAN DIEGO,LA MESA,-117.0435066,32.77310821
90617703,2017,12/14/17,9680,12/5/17,1720,18583,,2,2,5,3708,0,1,1,,2,81,I-8 E/B TO SR-125,SR-125 S/B,1056,W,N,A,-,Y,,,8,,,,R,,E,Y,4,0,2,3,A,-,3,22350,,N,C,C,A,A,H,-,A,D,0,,,,,Y,,A,7,0,0,2,0,0,0,0,0,0,- ,- ,32.77576,-117.00758,SAN DIEGO,LA MESA,-117.00758,32.77576
90622257,2017,12/21/17,9680,12/12/17,1815,17389,,2,2,5,3708,0,1,1,,2,81,I-8 E/B FROM EL CAJON BLVD,SPRING ST,528,E,N,A,-,Y,,,8,,,,R,,E,Y,3,0,1,2,A,-,3,22350,,N,C,C,A,A,H,-,D,A,0,,,,,Y,,D,22,0,1,0,0,0,0,0,0,0,- ,- ,32.77069,-117.02107,SAN DIEGO,LA MESA,-117.02107,32.77069
90622804,2017,12/21/17,9680,12/11/17,1855,21859,,1,2,5,3708,0,1,1,,2,81,I-8 E/B FROM BALTIMORE DR.,BALTIMORE DR.,1056,E,N,A,-,Y,,,8,,,,R,,E,Y,2,0,2,2,A,-,3,22350,,N,C,C,A,A,H,-,C,A,0,,,,,Y,,D,22,1,0,1,0,0,0,0,0,0,- ,- ,32.77062,-117.02146,SAN DIEGO,LA MESA,-117.02146,32.77062
90625112,2017,12/22/17,9680,12/12/17,1558,21813,,2,2,5,3708,0,1,1,,2,81,I-8 W/B,SEVERIN DR,298,E,N,A,-,Y,,,8,,,,,,W,Y,3,0,2,2,A,-,3,22350,,N,C,C,A,A,H,-,A,D,0,,,,,Y,,A,1,0,2,0,0,0,0,0,0,0,- ,- ,32.77944,-116.996,SAN DIEGO,LA MESA,-116.9960017,32.77939997
90625190,2017,12/22/17,9680,12/13/17,1935,21859,,3,2,5,3708,0,1,1,,2,81,I-8 E/B,GROSSMONT BLVD,295,W,N,A,-,Y,,,8,,,,,,E,Y,3,0,3,2,A,-,3,22350,,N,C,C,A,A,H,-,C,A,0,,,Y,,Y,,C,2,0,3,0,0,0,0,0,0,1,- ,- ,32.77899,-116.99395,SAN DIEGO,LA MESA,-116.993947,32.77907285
90625296,2017,12/22/17,9680,12/13/17,1829,21828,,3,2,5,3708,0,1,3,,2,28,SR-125 S/B,MARIPOSA ST,50,N,N,A,-,Y,,,125,,,,,,S,Y,4,0,1,3,A,-,3,22350,,N,C,C,A,A,H,-,D,D,0,,,,,Y,,A,1,0,0,1,0,0,0,0,0,0,- ,- ,32.75977,-117.0042,SAN DIEGO,LA MESA,-117.0041833,32.75975129
90625355,2017,12/22/17,9680,12/13/17,1930,18427,,3,2,5,3708,0,1,1,,2,81,I-8 E/B,SEVERIN DR,250,W,N,A,-,Y,,,8,,,,,,E,Y,3,0,1,2,A,-,3,22350,,N,C,C,A,A,H,-,C,D,0,,,,,Y,,A,1,0,1,0,0,0,0,0,0,0,- ,- ,32.77917,-116.99743,SAN DIEGO,LA MESA,-116.9974288,32.77918646
90625617,2017,12/22/17,9680,12/13/17,1905,21828,,3,2,5,3708,0,1,3,,2,27,SR-94 W/B,GROVE ST,2112,E,N,A,-,Y,,,94,,,,,,W,Y,3,0,1,1,A,-,3,22350,,N,E,J,A,A,H,-,D,D,0,,,Y,,Y,,C,2,0,1,0,0,0,0,0,0,1,- ,- ,32.74729,-117.02002,SAN DIEGO,LA MESA,-117.0200157,32.74727614
90626279,2017,12/26/17,9680,12/14/17,1040,16181,,4,1,5,3708,0,1,1,,2,81,I-8 W/B,FLETCHER PKY,1584,W,N,A,-,Y,,,8,,,,,,W,Y,4,0,1,2,A,-,7,21658,A,N,E,I,A,A,H,-,A,D,0,,,,,Y,,A,1,0,0,1,0,0,0,0,0,0,- ,- ,32.77388,-117.03487,SAN DIEGO,LA MESA,-117.0348879,32.77396524
90628771,2017,1/24/18,9680,12/17/17,1750,20116,,7,2,5,3708,0,1,1,,2,81,I-8 W/B,GROSSMONT BLVD,720,E,N,A,-,Y,,,8,,,,,,W,Y,4,0,3,4,A,-,3,22350,,F,C,C,A,A,H,-,D,D,0,,,,,Y,,A,1,0,0,3,0,0,0,0,0,0,- ,- ,32.77918,-116.98749,SAN DIEGO,LA MESA,-116.9874929,32.77909908
90631545,2017,1/2/18,9680,12/21/17,1300,21756,,4,1,5,3708,0,1,3,,2,28,SR-125 S/B,PANORAMA DR,85,N,N,A,-,Y,,,125,,,,,,S,Y,3,0,1,2,A,-,7,21658,A,F,B,C,A,A,H,-,A,D,0,,,,,Y,Y,-,99,0,1,0,0,0,0,0,0,0,- ,- ,32.75695,-117.00786,SAN DIEGO,LA MESA,-117.0078086,32.75688663
90631875,2017,1/3/18,9680,12/20/17,1530,21828,,3,2,5,3708,0,1,3,,2,28,SR-125 S/B,SPRING ST,1584,N,N,A,-,Y,,,125,,,,,,S,N,4,0,1,3,A,-,3,22350,,N,C,C,A,A,H,-,A,D,0,,,,,Y,,D,22,0,0,1,0,0,0,0,0,0,- ,- ,32.75656,-117.00821,SAN DIEGO,LA MESA,-117.0082028,32.75655165
90632902,2017,1/4/18,9680,12/21/17,1930,17389,,4,2,5,3708,0,1,3,,2,28,SR-125 S/B,SPRING ST,528,N,N,A,-,Y,,,125,,,,,,S,N,4,0,1,3,A,-,3,22350,,N,C,C,A,A,H,-,D,D,0,,,,,Y,,A,1,0,0,1,0,0,0,0,0,0,- ,- ,32.75745,-117.00721,SAN DIEGO,LA MESA,-117.0071855,32.757423
90633279,2017,1/4/18,9680,12/21/17,1552,16981,,4,2,5,3708,0,1,1,,2,81,I-8 W/B,SEVERIN DR,528,E,N,A,-,Y,,,8,,,,,,W,N,4,0,2,2,A,-,7,21658,A,F,B,C,A,A,H,-,A,D,0,,,,,Y,,A,7,0,0,2,0,0,0,0,0,0,- ,- ,32.77947,-116.99534,SAN DIEGO,LA MESA,-116.9953421,32.77937589
90633320,2017,1/4/18,9680,12/22/17,708,18356,,5,1,5,3708,0,1,1,,2,81,I-8 W/B FROM LAKE MURRAY BLVD,LAKE MURRAY BLVD,347,W,N,A,-,Y,,,8,,,,R,,W,Y,4,0,1,2,A,-,3,22350,,N,C,C,A,A,H,-,A,A,0,,,,,Y,,A,1,0,0,1,0,0,0,0,0,0,- ,- ,32.77501,-117.04688,SAN DIEGO,LA MESA,-117.04688,32.77501
90634918,2017,1/8/18,9680,12/14/17,1700,18801,,4,2,5,3708,0,1,3,,2,28,STATE ROUTE 125 S/B,SPRING STREET U/C,450,S,N,A,-,Y,,,125,,,,,,S,Y,3,0,2,3,A,-,3,22350,,N,C,C,A,A,H,-,A,D,0,,,,,Y,,A,7,0,2,0,0,0,0,0,0,0,- ,- ,32.75275,-117.01256,SAN DIEGO,LA MESA,-117.0125244,32.75271087
90636236,2017,1/9/18,9680,11/17/17,1717,21813,,5,2,5,3708,0,1,1,,2,81,INTERSTATE 8 WESTBOUND,JACKSON DR,1498,W,N,A,-,Y,,,8,,,,,,W,Y,1,1,0,2,A,-,11,21954,A,N,G,B,E,A,H,-,D,D,0,Y,,,,Y,,N,60,0,0,0,1,0,0,0,0,0,- ,- ,32.77335,-117.01582,SAN DIEGO,LA MESA,-117.0158044,32.77331388
90636681,2017,1/9/18,9680,12/30/17,1730,19998,,6,2,5,3708,0,1,3,,2,28,SR-125 S/B,SPRING ST.,2112,N,N,A,-,Y,,,125,,,,,,S,Y,4,0,1,1,A,-,3,22350,,N,F,A,A,A,H,-,C,D,0,,,Y,,Y,,C,2,0,0,1,0,0,0,0,0,1,- ,- ,32.75796,-117.00653,SAN DIEGO,LA MESA,-117.0065334,32.75796465
90638576,2018,1/11/18,9680,1/2/18,1136,15061,,2,1,5,3708,0,1,3,,2,28,SR-125 S/B,GROSSMONT BLVD,10,N,N,A,-,Y,,,125,,,,,,S,Y,2,0,1,2,A,-,7,21658,A,N,B,C,A,A,H,-,A,D,0,,,Y,,Y,,A,1,1,0,0,0,0,0,0,0,1,- ,- ,32.77352905,-117.0025864,SAN DIEGO,LA MESA,-117.0025711,32.77353668
90638737,2018,1/12/18,9680,1/3/18,716,18907,,3,1,5,3708,0,1,3,,2,27,SR-94 E/B,LEMON GROVE AVE,650,E,N,B,-,Y,,,94,,,,,,E,Y,4,0,1,1,A,-,8,22107,,N,E,I,A,A,H,-,A,D,0,,,,,Y,,A,1,0,0,1,0,0,0,0,0,0,- ,- ,32.74686813,-117.0290985,SAN DIEGO,LA MESA,-117.0290756,32.74672699
90642575,2018,1/18/18,9680,1/12/18,1612,20771,,5,2,5,3708,0,1,1,,2,81,I-8 W/B,SEVERIN DR,710,E,N,A,-,Y,,,8,,,,,,W,Y,4,0,1,2,A,-,3,22350,,N,C,C,A,A,H,-,A,D,0,,,,,Y,,A,7,0,0,1,0,0,0,0,0,0,- ,- ,32.77936172,-116.9947128,SAN DIEGO,LA MESA,-116.9947128,32.77936172
90642951,2018,1/18/18,9680,1/9/18,32,20780,,2,3,5,3708,0,1,3,,2,28,SR-125 S/B,LEMON AVE,450,S,N,B,C,Y,,,125,,,,,,S,Y,3,0,2,2,A,-,3,22350,,N,D,C,A,B,H,-,C,D,0,,,,,Y,,A,1,0,1,1,0,0,0,0,0,0,- ,- ,32.76691818,-117.0023193,SAN DIEGO,LA MESA,-117.0023651,32.76691818
90643137,2018,1/18/18,9680,1/9/18,327,16694,,2,3,5,3708,0,1,1,,2,81,I-8 W/B,LAKE MURRAY BLVD,375,E,N,B,C,Y,,,8,,,,,,W,Y,4,0,1,1,A,-,3,22350,,N,E,I,A,B,F,-,C,A,0,,,,,Y,,A,7,0,0,1,0,0,0,0,0,0,- ,- ,32.77373886,-117.044632,SAN DIEGO,LA MESA,-117.0446854,32.77362442
90643171,2018,1/18/18,9680,1/9/18,1430,21859,,2,2,5,3708,0,1,1,,2,81,I-8 WB TO SR-125 S/B,SEVERN DR.,2112,W,N,B,C,Y,,,8,,,,R,,W,Y,4,0,1,1,A,-,8,22107,,N,E,I,A,B,H,-,A,A,0,,,,,Y,,A,1,0,0,1,0,0,0,0,0,0,- ,- ,32.7773819,-117.0038528,SAN DIEGO,LA MESA,-117.0038528,32.7773819
90644193,2018,2/26/18,9680,1/9/18,1652,19998,,2,2,5,3708,0,1,3,,2,28,SR-125 S/B,LEMON AVE.,5,N,N,B,C,Y,,,125,,,,,,S,N,4,0,1,2,A,-,3,22350,,N,B,C,A,B,H,-,C,D,0,,,,Y,Y,,A,8,0,0,1,0,0,0,0,0,0,- ,- ,32.76810074,-117.0024033,SAN DIEGO,LA MESA,-117.0023727,32.76809692
90646873,2018,1/24/18,9680,1/17/18,615,18356,,3,1,5,3708,0,1,3,,2,28,SR-125 N/B,GROSSMONT BLVD,15,S,N,B,-,Y,,,125,,,,,,N,Y,4,0,3,3,A,-,3,22350,,N,C,C,A,A,H,-,B,D,0,,,,,Y,,A,1,0,0,3,0,0,0,0,0,0,- ,- ,32.77334976,-117.0021362,SAN DIEGO,LA MESA,-117.0022202,32.77332306
90646920,2018,1/24/18,9680,1/17/18,815,15061,,3,1,5,3708,0,1,1,,2,81,I-8 W/B,FLETCHER PKY,2112,W,N,A,-,Y,,,8,,,,,,W,N,4,0,1,2,A,-,3,22350,,N,C,C,A,A,H,-,A,D,0,,,,,Y,,A,1,0,0,1,0,0,0,0,0,0,- ,- ,32.77397919,-117.0348129,SAN DIEGO,LA MESA,-117.0348129,32.773983
90647878,2018,1/25/18,9680,1/19/18,711,15061,,5,1,5,3708,0,1,1,,2,81,I-8 W/B,70TH STREET,3168,E,N,A,-,Y,,,8,,,,,,W,Y,4,0,1,2,A,-,3,22350,,N,C,C,A,A,H,-,A,D,0,,,,,Y,,A,1,0,0,1,0,0,0,0,0,0,- ,- ,32.77342987,-117.0368271,SAN DIEGO,LA MESA,-117.0368423,32.77347565
90652307,2018,1/31/18,9680,1/23/18,1725,19998,,2,2,5,3708,0,1,3,,2,28,SR-125 S/B,CENTER DR.,200,N,N,A,-,Y,,,125,,,,,,S,N,4,0,1,2,A,-,3,22350,,N,C,C,A,A,H,-,C,D,0,,,,,Y,,A,8,0,0,1,0,0,0,0,0,0,- ,- ,32.78269958,-117.0054321,SAN DIEGO,LA MESA,-117.005455,32.78269196
90652367,2018,1/31/18,9680,1/23/18,2315,13686,,2,3,5,3708,0,1,1,,2,81,I-8 W/B,SEVERIN DR.,1056,E,N,A,-,Y,,,8,,,,,,W,Y,3,0,4,3,A,-,3,22350,,N,C,C,A,A,H,-,C,D,0,,,,,Y,,A,1,0,4,0,0,0,0,0,0,0,- ,- ,32.7793808,-116.9937668,SAN DIEGO,LA MESA,-116.9937744,32.77932358
90654056,2018,2/2/18,9680,1/26/18,940,21944,,5,1,5,3708,0,1,3,,2,28,SR-125 NORTHBOUND,GROSSMONT BLVD,528,S,N,A,-,Y,,,125,,,,,,N,N,3,0,1,2,A,-,7,21658,A,N,F,A,A,A,H,-,A,D,0,,,Y,,Y,,A,1,0,1,0,0,0,0,0,0,1,- ,- ,32.77098083,-117.0016632,SAN DIEGO,LA MESA,-117.0017929,32.77097702
90657978,2018,2/8/18,9680,1/31/18,1745,17717,,3,2,5,3708,0,1,1,,2,81,I-8 W/B,FLETCHER PKWY,1584,W,N,A,-,Y,,,8,,,,,,W,Y,2,0,1,4,A,-,3,22350,,N,C,C,A,A,H,-,D,A,0,,,,,Y,,A,8,1,0,0,0,0,0,0,0,0,- ,- ,32.77389145,-117.0357437,SAN DIEGO,LA MESA,-117.0357056,32.77376556
90658116,2018,2/9/18,9680,2/1/18,2112,20249,,4,2,5,3708,0,1,1,,2,81,INTERSTATE 8 WESTBOUND,JACKSON DRIVE,482,W,N,A,-,Y,,,8,,,,,,W,Y,4,0,1,2,A,-,3,22350,,N,C,C,A,A,H,-,C,D,0,,,,,Y,,A,1,0,0,1,0,0,0,0,0,0,- ,- ,32.77449036,-117.0126114,SAN DIEGO,LA MESA,-117.012619,32.77450562
90658707,2018,2/9/18,9680,2/1/18,2111,20401,,4,2,5,3708,0,1,1,,2,81,I-8 W/B,JACKSON DR,130,W,N,A,-,Y,,,8,,,,,,W,Y,3,0,1,2,A,-,8,22107,,N,E,I,A,A,H,-,C,D,0,,,,,Y,,A,1,0,1,0,0,0,0,0,0,0,- ,- ,32.77468872,-117.0113525,SAN DIEGO,LA MESA,-117.0114365,32.77493286