CASE_ID,ACCIDENT_YEAR,PROC_DATE,JURIS,COLLISION_DATE,COLLISION_TIME,OFFICER_ID,REPORTING_DISTRICT,DAY_OF_WEEK,CHP_SHIFT,POPULATION,CNTY_CITY_LOC,SPECIAL_COND,BEAT_TYPE,CHP_BEAT_TYPE,CITY_DIVISION_LAPD,CHP_BEAT_CLASS,BEAT_NUMBER,PRIMARY_RD,SECONDARY_RD,DISTANCE,DIRECTION,INTERSECTION,WEATHER_1,WEATHER_2,STATE_HWY_IND,CALTRANS_COUNTY,CALTRANS_DISTRICT,STATE_ROUTE,ROUTE_SUFFIX,POSTMILE_PREFIX,POSTMILE,LOCATION_TYPE,RAMP_INTERSECTION,SIDE_OF_HWY,TOW_AWAY,COLLISION_SEVERITY,NUMBER_KILLED,NUMBER_INJURED,PARTY_COUNT,PRIMARY_COLL_FACTOR,PCF_CODE_OF_VIOL,PCF_VIOL_CATEGORY,PCF_VIOLATION,PCF_VIOL_SUBSECTION,HIT_AND_RUN,TYPE_OF_COLLISION,MVIW,PED_ACTION,ROAD_SURFACE,ROAD_COND_1,ROAD_COND_2,LIGHTING,CONTROL_DEVICE,CHP_ROAD_TYPE,PEDESTRIAN_ACCIDENT,BICYCLE_ACCIDENT,MOTORCYCLE_ACCIDENT,TRUCK_ACCIDENT,NOT_PRIVATE_PROPERTY,ALCOHOL_INVOLVED,STWD_VEHTYPE_AT_FAULT,CHP_VEHTYPE_AT_FAULT,COUNT_SEVERE_INJ,COUNT_VISIBLE_INJ,COUNT_COMPLAINT_PAIN,COUNT_PED_KILLED,COUNT_PED_INJURED,COUNT_BICYCLIST_KILLED,COUNT_BICYCLIST_INJURED,COUNT_MC_KILLED,COUNT_MC_INJURED,PRIMARY_RAMP,SECONDARY_RAMP,LATITUDE,LONGITUDE,COUNTY,CITY,POINT_X,POINT_Y
91188567,2020,2/18/20,9680,2/5/20,1700,18801,,3,2,5,3708,0,1,1,,2,81,I-8 W/B,SEVERIN DR,210,E,N,A,-,Y,,,8,,,,,,W,N,4,0,1,2,A,-,3,22350,,F,C,C,A,A,H,-,A,D,0,,,,,Y,,A,1,0,0,1,0,0,0,0,0,0,- ,- ,32.77944946,-116.9963379,SAN DIEGO,LA MESA,-116.9963379,32.77941513
91189106,2020,2/19/20,9680,2/6/20,602,15578,,4,1,5,3708,0,1,3,,2,28,SR-125 NORTHBOUND,I-8 EASTBOUND,72,S,N,A,-,Y,,,125,,,,,,N,Y,4,0,1,2,A,-,3,22350,,N,C,C,A,A,H,-,C,D,0,,,,,Y,,A,1,0,0,1,0,0,0,0,0,0,- ,- ,32.77746964,-117.0033569,SAN DIEGO,LA MESA,-117.003479,32.77743149
91190244,2020,2/20/20,9680,2/9/20,1304,15877,,7,1,5,3708,0,1,1,,2,81,I-8 W/B FROM LAKE MURRAY BLVD.,LAKE MURRAY BLVD.,60,E,N,B,-,Y,,,8,,,,R,,W,N,4,0,1,1,A,-,3,22350,,N,E,I,A,B,H,-,A,D,0,,,,,Y,,D,22,0,0,1,0,0,0,0,0,0,- ,- ,32.77416992,-117.045372,SAN DIEGO,LA MESA,-117.045372,32.77416992
91190277,2020,2/20/20,9680,2/9/20,1600,22050,,7,2,5,3708,0,1,1,,2,81,I-8 W/B,LAKE MURRAY BLVD,1000,E,N,B,C,Y,,,8,,,,,,W,Y,4,0,1,1,A,-,8,22107,,N,E,I,A,B,H,-,A,D,0,,,,,Y,,A,1,0,0,1,0,0,0,0,0,0,- ,- ,32.77283096,-117.0424194,SAN DIEGO,LA MESA,-117.0424194,32.77283096
91190531,2020,2/20/20,9680,2/7/20,1550,21476,,5,2,5,3708,0,1,1,,2,81,I-8 WESTBOUND,SEVERIN DRIVE,790,E,N,A,-,Y,,,8,,,,,,W,N,4,0,2,4,A,-,3,22350,,N,C,C,A,A,D,-,A,D,0,,,,,Y,,A,1,0,0,2,0,0,0,0,0,0,- ,- ,32.7793808,-116.9944916,SAN DIEGO,LA MESA,-116.9944916,32.77935028
91190557,2020,2/20/20,9680,2/7/20,1845,21476,,5,2,5,3708,0,1,1,,2,81,I-8 E/B FROM EL CAJON BOULEVARD,SPRING STREET,670,E,N,A,-,Y,,,8,,,,R,,E,Y,4,0,1,2,A,-,3,22350,,N,C,C,A,A,H,-,D,A,0,,,,,Y,,A,8,0,0,1,0,0,0,0,0,0,- ,- ,32.77070999,-117.0210724,SAN DIEGO,LA MESA,-117.0210724,32.77070999
91192166,2020,2/24/20,9680,2/12/20,1848,21476,,3,2,5,3708,0,1,1,,2,81,I-8 EASTBOUND,SEVERIN DRIVE,1055,W,N,A,-,Y,,,8,,,,,,E,N,4,0,1,3,A,-,8,22107,,N,B,C,A,A,H,-,D,D,0,,,,,Y,,A,7,0,0,1,0,0,0,0,0,0,- ,- ,32.77893829,-117.0007629,SAN DIEGO,LA MESA,-117.0007401,32.77887726
91193538,2020,2/25/20,9680,2/12/20,1107,15578,,3,1,5,3708,0,1,3,,2,28,SR-125 SOUTHBOUND,LEMON AVE.,1056,S,N,A,-,Y,,,125,,,,,,S,Y,4,0,3,5,A,-,3,22350,,N,C,C,A,A,H,-,A,D,0,,,,,Y,,A,1,0,0,3,0,0,0,0,0,0,- ,- ,32.76438141,-117.0022278,SAN DIEGO,LA MESA,-117.0022049,32.76438141
91193555,2020,2/25/20,9680,2/12/20,2005,18801,,3,2,5,3708,0,1,3,,2,28,SR-125 N/B TO I-8 E/B,SR-125 N/B,550,E,N,A,-,Y,,,125,,,,R,,N,Y,3,0,1,1,A,-,1,23152,A,N,E,I,A,A,D,-,D,A,0,,,,,Y,Y,A,7,0,1,0,0,0,0,0,0,0,- ,- ,32.7781105,-117.0017319,SAN DIEGO,LA MESA,-117.0017319,32.7781105
91194318,2020,2/26/20,9680,2/14/20,1650,21813,,5,2,5,3708,0,1,3,,2,28,SR-125 S/B,WAKARUSA ST,528,S,N,A,-,Y,,,125,,,,,,S,Y,3,0,3,3,A,-,3,22350,,N,C,C,A,A,H,-,A,D,0,,,,,Y,,A,1,0,3,0,0,0,0,0,0,0,- ,- ,32.78104019,-117.0049515,SAN DIEGO,LA MESA,-117.0048904,32.78105545
91194848,2020,2/27/20,9680,2/15/20,1345,22050,,6,1,5,3708,0,1,1,,2,81,I-8 W/B,SPRING ST,2000,E,N,A,-,Y,,,8,,,,,,W,Y,4,0,1,1,A,-,8,22107,,N,E,I,A,A,H,-,A,D,0,,,,,Y,,A,1,0,0,1,0,0,0,0,0,0,- ,- ,32.7725296,-117.0172119,SAN DIEGO,LA MESA,-117.0172424,32.77258301
91195208,2020,2/27/20,9680,2/16/20,220,20682,,7,3,5,3708,0,1,1,,2,81,I-8 W/B TO EL CAJON BLVD,BALTIMORE DR,940,E,N,A,-,Y,,,8,,,,R,,W,Y,3,0,1,1,A,-,1,23152,A,N,E,I,A,A,H,-,C,D,0,,,,,Y,Y,A,1,0,1,0,0,0,0,0,0,0,- ,- ,32.77064896,-117.0218887,SAN DIEGO,LA MESA,-117.0218887,32.77064896
91200035,2020,3/2/20,9680,2/20/20,1829,21476,,4,2,5,3708,0,1,1,,2,81,I-8 WESTBOUND,LAKE MURRAY BOULEVARD,2070,E,N,A,-,Y,,,8,,,,,,W,Y,4,0,1,1,A,-,3,22350,,N,E,I,A,A,H,-,D,D,0,,,,,Y,,A,1,0,0,1,0,0,0,0,0,0,- ,- ,32.77310181,-117.0391006,SAN DIEGO,LA MESA,-117.0390549,32.77291107
91200413,2020,3/3/20,9680,2/21/20,945,13686,,5,1,5,3708,0,1,1,,2,81,I-8 W/B,FLETCHER PKY,1584,W,N,A,-,Y,,,8,,,,,,W,N,4,0,1,2,A,-,8,22107,,N,B,C,A,A,H,-,A,D,0,,,,,Y,,A,1,0,0,1,0,0,0,0,0,0,- ,- ,32.77330017,-117.0374908,SAN DIEGO,LA MESA,-117.0374908,32.7733078
91202673,2020,3/5/20,9680,2/25/20,1540,18801,,2,2,5,3708,0,1,1,,2,81,I-8 W/B TO SR-125,SEVERIN DR O/C,175,E,N,A,-,Y,,,8,,,,R,,W,Y,4,0,1,3,A,-,3,22350,,N,C,C,A,A,H,-,A,D,0,,,,,Y,,A,1,0,0,1,0,0,0,0,0,0,- ,- ,32.77951813,-116.9968719,SAN DIEGO,LA MESA,-116.9968719,32.77951813
91202735,2020,3/5/20,9680,2/25/20,1725,18801,,2,2,5,3708,0,1,1,,2,81,I-8 W/B,SEVERIN DR O/C,350,E,N,A,-,Y,,,8,,,,,,W,Y,4,0,1,2,A,-,3,22350,,N,C,C,A,A,H,-,A,D,0,,,,,Y,,A,1,0,0,1,0,0,0,0,0,0,- ,- ,32.77946091,-116.996048,SAN DIEGO,LA MESA,-116.9960556,32.77940369
91203235,2020,3/6/20,9680,2/25/20,1630,20116,,2,2,5,3708,0,1,3,,2,28,SR-125 N/B,MARIPOSA ST,500,S,N,A,-,Y,,,125,,,,,,N,Y,3,0,1,2,A,-,3,22350,,N,C,C,A,A,H,-,A,D,0,,,,,Y,,A,7,0,1,0,0,0,0,0,0,0,- ,- ,32.75851822,-117.0054398,SAN DIEGO,LA MESA,-117.0054779,32.75856781
91205673,2020,3/10/20,9680,2/28/20,2045,22050,,5,2,5,3708,0,1,3,,2,27,SR-94 W/B,COLLEGE AVE,1300,E,N,B,-,Y,,,94,,,,,,W,Y,2,0,1,2,A,-,1,23152,A,N,C,C,A,A,H,-,D,D,0,,,Y,,Y,Y,C,2,1,0,0,0,0,0,0,0,1,- ,- ,32.74444962,-117.0475616,SAN DIEGO,LA MESA,-117.0475311,32.74440384
91205958,2020,3/11/20,9680,2/28/20,1455,22050,,5,2,5,3708,0,1,3,,2,28,SR-125 S/B,SPRING ST,2112,N,N,B,-,Y,,,125,,,,,,S,Y,4,0,1,2,A,-,3,22350,,N,C,C,A,A,H,-,A,D,0,,,,Y,Y,,F,26,0,0,1,0,0,0,0,0,0,- ,- ,32.75783157,-117.0067902,SAN DIEGO,LA MESA,-117.0067673,32.75779724
91206083,2020,3/11/20,9680,2/28/20,1620,21441,,5,2,5,3708,0,1,1,,2,81,I-8 W/B,SEVERIN DR,560,E,N,A,-,Y,,,8,,,,,,W,Y,4,0,2,2,A,-,3,22350,,F,C,C,A,A,H,-,A,D,0,,,,,Y,,A,1,0,0,2,0,0,0,0,0,0,- ,- ,32.77939987,-116.9966965,SAN DIEGO,LA MESA,-116.9966965,32.77941895
91210139,2020,3/17/20,9680,3/7/20,615,16139,,6,1,5,3708,0,1,3,,2,28,SR-125 N/B TO I-8 E/B,GROSSMONT BLVD,528,N,N,B,-,Y,,,125,,,,R,,N,Y,3,0,1,1,A,-,8,22107,,N,E,J,A,A,D,H,A,D,0,,,,,Y,,A,1,0,1,0,0,0,0,0,0,0,- ,- ,32.77473068,-117.002327,SAN DIEGO,LA MESA,-117.002327,32.77473068
91210217,2020,3/17/20,9680,3/7/20,2035,21813,,6,2,5,3708,0,1,1,,2,81,I-8 W/B TO PARKWAY DR,LAKE MURRAY BLVD,295,E,N,A,-,Y,,,8,,,,R,,W,Y,3,0,1,1,A,-,3,22350,,N,E,I,A,A,H,-,D,D,0,,,,,Y,,A,1,0,1,0,0,0,0,0,0,0,- ,- ,32.77404022,-117.044838,SAN DIEGO,LA MESA,-117.044838,32.77404022
91211628,2020,3/19/20,9680,3/10/20,1317,15578,,2,1,5,3708,0,1,1,,2,81,I-8 WESTBOUND,GROSSMONT BLVD.,528,W,N,B,C,Y,,,8,,,,,,W,Y,4,0,2,4,A,-,3,22350,,N,C,C,A,B,H,-,A,D,0,,,,,Y,,A,1,0,0,2,0,0,0,0,0,0,- ,- ,32.77930069,-116.9926071,SAN DIEGO,LA MESA,-116.9926147,32.77926636
91212354,2020,3/19/20,9680,3/12/20,1500,18427,,4,2,5,3708,0,1,1,,2,81,I-8 W/B TO EL CAJON BLVD.,EL CAJON BLVD,1284,E,N,B,-,Y,,,8,,,,R,,W,Y,4,0,1,1,A,-,8,22107,,N,E,I,A,B,H,-,A,D,0,,,,,Y,,A,1,0,0,1,0,0,0,0,0,0,- ,- ,32.77265167,-117.0173798,SAN DIEGO,LA MESA,-117.0173798,32.77265167
91213005,2020,3/20/20,9680,3/13/20,1033,15578,,5,1,5,3708,0,1,3,,2,28,SR-125 SOUTHBOUND,LEMON AVE.,501,S,N,B,C,Y,,,125,,,,,,S,Y,3,0,1,1,A,-,8,22107,,N,E,I,A,B,H,-,A,D,0,,,,,Y,,A,1,0,1,0,0,0,0,0,0,0,- ,- ,32.76673126,-117.0021515,SAN DIEGO,LA MESA,-117.0023575,32.76671219
91214310,2020,3/23/20,9680,3/12/20,1110,16139,,4,1,5,3708,0,1,1,,2,81,I-8 E/B,JACKSON DR,528,W,N,B,C,Y,,,8,,,,,,E,Y,3,0,1,2,A,-,3,22350,,N,C,C,A,B,H,-,A,D,0,,,,,Y,,D,22,0,1,0,0,0,0,0,0,0,- ,- ,32.77436066,-117.0121002,SAN DIEGO,LA MESA,-117.0121384,32.77445984
91214863,2020,3/24/20,9680,3/13/20,1055,16139,,5,1,5,3708,0,1,1,,2,81,I-8 E/B,JACKSON DR,528,W,N,C,-,Y,,,8,,,,,,E,Y,3,0,1,2,A,-,3,22350,,N,B,C,A,B,H,-,A,D,0,,,,,Y,,D,22,0,1,0,0,0,0,0,0,0,- ,- ,32.77175903,-117.0180969,SAN DIEGO,LA MESA,-117.0181427,32.77184677
91215448,2020,3/25/20,9680,3/14/20,2250,22021,,6,3,5,3708,0,1,3,,2,28,I-8 WB TO SR-125 SB,GROSSMONT BLVD,1056,N,N,A,-,Y,,,8,,,,R,,W,Y,4,0,1,2,A,-,1,23152,A,N,B,C,A,A,H,-,D,D,0,,,,,Y,Y,A,7,0,0,1,0,0,0,0,0,0,- ,- ,32.77585983,-117.0036392,SAN DIEGO,LA MESA,-117.0036392,32.77585983
91215623,2020,3/25/20,9680,1/20/20,504,21839,,1,3,5,3708,0,1,1,,2,81,INTERSTATE 8 EASTBOUND,SPRING STREET,320,W,N,A,-,Y,,,8,,,,,,E,Y,1,1,0,1,A,-,1,23152,A,N,E,I,A,A,H,-,D,D,0,,,,,Y,Y,A,7,0,0,0,0,0,0,0,0,0,- ,- ,32.77106094,-117.0250702,SAN DIEGO,LA MESA,-117.0250549,32.77111816
91216228,2020,3/26/20,9680,3/18/20,555,16139,,3,3,5,3708,0,1,1,,2,81,I-8 W/B,70TH ST,1584,E,N,B,C,Y,,,8,,,,,,W,Y,3,0,1,2,A,-,7,21658,A,N,B,C,A,B,H,-,C,D,0,,,,,Y,,A,1,0,1,0,0,0,0,0,0,0,- ,- ,32.77275848,-117.0402603,SAN DIEGO,LA MESA,-117.0402527,32.77272034
91216320,2020,3/26/20,9680,3/17/20,106,21945,,2,3,5,3708,0,1,3,,2,28,SR-125 S/B,LEMON AVE,528,S,N,B,C,Y,,,125,,,,,,S,Y,3,0,1,1,A,-,1,23152,A,N,E,I,A,B,H,-,C,D,0,,,,,Y,Y,A,1,0,1,0,0,0,0,0,0,0,- ,- ,32.76744843,-117.0024719,SAN DIEGO,LA MESA,-117.0023804,32.76744843
91218824,2020,3/30/20,9680,3/27/20,519,19936,,5,3,5,3708,0,1,1,,2,81,INTERSTATE 8 WESTBOUND,JACKSON DR,2112,W,N,B,C,Y,,,8,,,,,,W,Y,4,0,2,2,A,-,3,22350,,N,E,I,A,B,H,-,C,D,0,,,,,Y,,A,1,0,0,2,0,0,0,0,0,0,- ,- ,32.77225113,-117.0172577,SAN DIEGO,LA MESA,-117.017395,32.77249908
91219988,2020,4/2/20,9680,3/27/20,520,19475,,5,3,5,3708,0,1,1,,2,81,I-8 W/B,JACKSON DR,2112,W,N,B,C,Y,,,8,,,,,,W,Y,4,0,1,2,A,-,3,22350,,N,C,C,A,B,H,-,C,D,0,,,,,Y,,A,1,0,0,1,0,0,0,0,0,0,- ,- ,32.77249146,-117.0172577,SAN DIEGO,LA MESA,-117.0172958,32.77255249
91220319,2020,4/3/20,9680,1/12/20,235,21859,,7,3,5,3708,0,1,1,,2,81,INTERSTATE 8 WESTBOUND,SEVERIN DRIVE,528,W,N,A,-,Y,,,8,,,,,,W,Y,4,0,1,1,C,-,18,,,N,E,I,A,A,D,-,D,A,0,,,Y,,Y,,-,- ,0,0,1,0,0,0,0,0,1,- ,- ,32.7795105,-116.9991989,SAN DIEGO,LA MESA,-116.9991913,32.77942657
91222545,2020,4/7/20,9680,3/27/20,155,20884,,5,3,5,3708,0,1,3,,2,28,SR-125 S/B,PANORAMA DR,868,N,N,C,-,Y,,,125,,,,,,S,Y,4,0,1,1,A,-,3,22350,,N,E,I,A,B,H,-,D,D,0,,,,,Y,,A,1,0,0,1,0,0,0,0,0,0,- ,- ,32.75838089,-117.0058289,SAN DIEGO,LA MESA,-117.0058746,32.75844574
91222745,2020,4/7/20,9680,3/29/20,114,21764,,7,3,5,3708,0,1,1,,2,81,I-8 W/B TO SR-125 S/B,GROSSMONT BLVD,528,N,N,A,-,Y,,,8,,,,R,,W,Y,4,0,1,1,A,-,8,22107,,N,E,I,A,A,H,-,D,D,0,,,,,Y,,A,1,0,0,1,0,0,0,0,0,0,- ,- ,32.77558136,-117.0034103,SAN DIEGO,LA MESA,-117.0034103,32.77558136
91223640,2020,4/9/20,9680,3/27/20,1900,21813,,5,2,5,3708,0,1,3,,2,28,SR-125 N/B,MARIPOSA ST,690,S,N,A,-,Y,,,125,,,,,,N,Y,3,0,1,1,A,-,1,23152,A,N,E,I,A,A,H,-,B,D,0,,,,,Y,Y,A,1,0,1,0,0,0,0,0,0,0,- ,- ,32.75846863,-117.0053864,SAN DIEGO,LA MESA,-117.0054703,32.75857544
91225471,2020,4/14/20,9680,4/10/20,652,15578,,5,1,5,3708,0,1,3,,2,28,SR-125 SOUTHBOUND,LEMON AVE.,460,S,N,B,C,Y,,,125,,,,,,S,Y,4,0,1,1,A,-,8,22107,,N,E,I,A,B,H,-,A,D,0,,,,,Y,,A,7,0,0,1,0,0,0,0,0,0,- ,- ,32.76697159,-117.0022278,SAN DIEGO,LA MESA,-117.0023651,32.76696396
91225477,2020,4/14/20,9680,4/10/20,1019,15578,,5,1,5,3708,0,1,3,,2,28,SR-125 NORTHBOUND,LEMON AVE.,1056,S,N,B,C,Y,,,125,,,,,,N,Y,4,0,1,1,A,-,8,22107,,N,E,I,A,B,H,-,A,D,0,,,,,Y,,A,1,0,0,1,0,0,0,0,0,0,- ,- ,32.76515961,-117.0021286,SAN DIEGO,LA MESA,-117.001976,32.76517868
91226769,2020,4/17/20,9680,4/11/20,1532,21441,,6,2,5,3708,0,1,1,,2,81,I-8 E/B,70TH ST,2112,E,N,A,-,Y,,,8,,,,,,E,Y,2,0,2,1,A,-,1,23152,A,N,E,I,A,A,H,-,A,D,0,,,,,Y,Y,A,1,1,1,0,0,0,0,0,0,0,- ,- ,32.77270126,-117.0391006,SAN DIEGO,LA MESA,-117.0391006,32.77271652
91228262,2020,4/21/20,9680,4/10/20,1036,17011,,5,1,5,3708,0,1,3,,2,28,SR-125 S/B,LEMON AVE,262,S,N,B,C,Y,,,125,,,,,,S,Y,3,0,1,3,A,-,3,22350,,N,C,C,A,B,H,-,A,D,0,,,,,Y,,A,1,0,1,0,0,0,0,0,0,0,- ,- ,32.76736069,-117.002327,SAN DIEGO,LA MESA,-117.0023804,32.76736069
91235082,2020,5/7/20,9680,5/6/20,1430,18427,,3,2,5,3708,0,1,1,,2,81,I-8 W/B TO SR-125 S/B,SEVERIN DR,611,W,N,A,-,Y,,,8,,,,R,,W,N,4,0,2,2,A,-,8,22107,,N,C,C,A,A,H,-,A,D,0,,,,,Y,,A,1,0,0,2,0,0,0,0,0,0,- ,- ,32.77962875,-116.999321,SAN DIEGO,LA MESA,-116.999321,32.77962875
9123756,2020,9/9/20,3708,6/12/20,1525,LM1259,,5,5,5,3708,0,0,0,,0,3,FLETCHER PKWY,BALTIMORE DR,208,E,N,A,-,N,,,,,,,,,,N,4,0,3,2,A,-,17,22109,,F,C,C,A,A,H,-,A,D,0,,,,,Y,,-,,0,0,3,0,0,0,0,0,0,- ,- ,,,SAN DIEGO,LA MESA,-117.0267715,32.7741394
91240482,2020,5/20/20,9680,5/17/20,1734,21441,,7,2,5,3708,0,1,1,,2,81,I-8 W/B,GROSSMONT CENTER DR,610,W,N,A,-,Y,,,8,,,,,,W,Y,3,0,1,1,A,-,1,23152,A,N,E,I,A,A,H,-,A,D,0,,,,,Y,Y,A,1,0,1,0,0,0,0,0,0,0,- ,- ,32.77619934,-117.0070038,SAN DIEGO,LA MESA,-117.007103,32.7765007
91240528,2020,5/20/20,9680,5/18/20,1445,18427,,1,2,5,3708,0,1,1,,2,81,I-8 W/B TO PARKWAY DR.,PARKWAY DR,20,E,N,A,-,Y,,,8,,,,R,,W,N,4,0,1,2,A,-,21,22106,,N,C,C,A,A,H,-,A,A,0,,,,,Y,,A,1,0,0,1,0,0,0,0,0,0,- ,- ,32.7742691,-117.0446396,SAN DIEGO,LA MESA,-117.0446396,32.7742691
91243744,2020,5/29/20,9680,5/21/20,12,18979,,4,3,5,3708,0,1,1,,2,81,I-8 E/B,SPRING ST,1500,E,N,A,-,Y,,,8,,,,,,E,Y,2,0,2,2,A,-,1,23152,A,N,C,C,A,A,H,-,C,D,0,,,,,Y,Y,A,1,1,0,1,0,0,0,0,0,0,- ,- ,32.77194977,-117.0180511,SAN DIEGO,LA MESA,-117.0180283,32.77190781
91243954,2020,5/28/20,9680,5/22/20,1615,18801,,5,2,5,3708,0,1,3,,2,28,SR-125 S/B,MERRITT BLVD,620,S,N,A,-,Y,,,125,,,,,,S,Y,4,0,2,3,A,-,3,22350,,N,C,C,A,A,H,-,A,D,0,,,,,Y,,A,7,0,0,2,0,0,0,0,0,0,- ,- ,32.75849152,-117.0058823,SAN DIEGO,LA MESA,-117.0058594,32.758461
91249600,2020,6/9/20,9680,6/6/20,955,13686,,6,1,5,3708,0,1,1,,2,81,I-8 W/B FROM LAKE MURRAY BLVD. (S/B),LAKE MURRAY BLVD.,340,W,N,B,C,Y,,,8,,,,R,,W,Y,4,0,1,1,A,-,3,22350,,N,F,A,A,B,H,-,A,D,0,,,,,Y,,A,7,0,0,1,0,0,0,0,0,0,- ,- ,32.77505875,-117.0467911,SAN DIEGO,LA MESA,-117.0467911,32.77505875
91249757,2020,6/9/20,9680,6/6/20,658,15578,,6,1,5,3708,0,1,1,,2,81,I-8 WESTBOUND,EL CAJON BLVD.,800,E,N,B,C,Y,,,8,,,,,,W,Y,4,0,1,1,A,-,8,22107,,N,E,I,A,B,H,-,A,D,0,,,,,Y,,A,1,0,0,1,0,0,0,0,0,0,- ,- ,32.7716217,-117.018898,SAN DIEGO,LA MESA,-117.0189285,32.77169037
91250126,2020,6/10/20,9680,6/6/20,553,22183,,6,3,5,3708,0,1,3,,2,28,SR-125 S/B,LEMON AVE,1056,S,N,C,-,Y,,,125,,,,,,S,Y,3,0,1,1,A,-,3,22350,,N,E,I,A,B,H,-,A,D,0,,,,,Y,,A,7,0,1,0,0,0,0,0,0,0,- ,- ,32.76586151,-117.0021973,SAN DIEGO,LA MESA,-117.0022964,32.76585388
91252633,2020,6/16/20,9680,6/10/20,2350,16694,,3,3,5,3708,0,1,1,,2,81,I-8 W/B TO SR-125 S/B,LA MESA BOULEVARD,68,E,N,A,-,Y,,,8,,,,R,,W,Y,3,0,1,1,A,-,1,23152,A,N,E,I,A,A,H,-,D,D,0,,,,,Y,Y,A,1,0,1,0,0,0,0,0,0,0,- ,- ,32.77661133,-117.0039215,SAN DIEGO,LA MESA,-117.0039215,32.77661133
91253166,2020,6/17/20,9680,3/25/20,2358,19384,,3,3,5,3708,0,1,1,,2,81,INTERSTATE 8 EASTBOUND,LAKE MURRAY BOULEVARD,1056,E,N,A,-,Y,,,8,,,,,,E,Y,2,0,2,2,A,-,1,23152,G,N,A,C,A,B,H,-,D,D,0,,,,,Y,Y,A,7,2,0,0,0,0,0,0,0,0,- ,- ,32.77270126,-117.0427399,SAN DIEGO,LA MESA,-117.0427322,32.77273178
91253784,2020,6/18/20,9680,6/11/20,245,18979,,4,3,5,3708,0,1,1,,2,81,I-8 W/B,SEVERIN DR,136,W,N,A,-,Y,,,8,,,,,,W,Y,2,0,1,2,A,-,1,23152,A,M,C,C,A,A,H,-,C,D,0,,,,,Y,Y,A,1,1,0,0,0,0,0,0,0,0,- ,- ,32.77930832,-116.999733,SAN DIEGO,LA MESA,-116.9997406,32.7793541
91257000,2020,6/24/20,9680,6/23/20,1258,13686,,2,1,5,3708,0,1,1,,2,81,I-8 E/B TO FLETCHER PARKWAY,ALVARADO RD,415,W,N,A,-,Y,,,8,,,,R,,E,Y,3,0,1,1,A,-,3,22350,,N,E,I,A,A,H,-,A,A,0,,,,,Y,,A,8,0,1,0,0,0,0,0,0,0,- ,- ,32.77373123,-117.0324783,SAN DIEGO,LA MESA,-117.0324783,32.77373123
91257646,2020,6/25/20,9680,6/23/20,1101,15578,,2,1,5,3708,0,1,3,,2,28,SR-125 SOUTHBOUND,MARIPOSA ST.,184,S,N,A,-,Y,,,125,,,,,,S,Y,4,0,1,2,A,-,3,22350,,N,B,C,A,A,H,-,A,D,0,,,,Y,Y,,F,26,0,0,1,0,0,0,0,0,0,- ,- ,32.75922012,-117.0047607,SAN DIEGO,LA MESA,-117.0047836,32.75925446
91261641,2020,7/1/20,9680,6/23/20,1336,18356,,2,1,5,3708,0,1,1,,2,81,I-8 E/B,FLETCHER PKY,528,W,N,A,-,Y,,,8,,,,,,E,Y,3,0,2,2,A,-,7,21658,A,N,B,C,A,A,H,-,A,D,0,,,,,Y,,-,- ,0,1,1,0,0,0,0,0,0,- ,- ,32.77391052,-117.0322418,SAN DIEGO,LA MESA,-117.0322418,32.77388763
91265168,2020,7/8/20,9680,7/3/20,1550,21441,,5,2,5,3708,0,1,1,,2,81,I-8 E/B,SPRING ST,200,E,N,A,-,Y,,,8,,,,,,E,N,4,0,1,2,A,-,16,24002,A,N,H,A,A,A,H,-,A,D,0,,,,,Y,,E,22,0,0,1,0,0,0,0,0,0,- ,- ,32.77119827,-117.0251007,SAN DIEGO,LA MESA,-117.025116,32.77113724
91265220,2020,7/8/20,9680,6/29/20,1005,17389,,1,1,5,3708,0,1,1,,2,81,I-8 W/B FROM JACKSON DR,JACKSON DR,200,W,N,B,C,Y,,,8,,,,R,,W,N,3,0,1,2,A,-,3,22350,,N,D,C,A,B,H,-,A,D,0,,,,,Y,,D,22,0,1,0,0,0,0,0,0,0,- ,- ,32.77544022,-117.0134583,SAN DIEGO,LA MESA,-117.0134583,32.77544022