CASE_ID,ACCIDENT_YEAR,PROC_DATE,JURIS,COLLISION_DATE,COLLISION_TIME,OFFICER_ID,REPORTING_DISTRICT,DAY_OF_WEEK,CHP_SHIFT,POPULATION,CNTY_CITY_LOC,SPECIAL_COND,BEAT_TYPE,CHP_BEAT_TYPE,CITY_DIVISION_LAPD,CHP_BEAT_CLASS,BEAT_NUMBER,PRIMARY_RD,SECONDARY_RD,DISTANCE,DIRECTION,INTERSECTION,WEATHER_1,WEATHER_2,STATE_HWY_IND,CALTRANS_COUNTY,CALTRANS_DISTRICT,STATE_ROUTE,ROUTE_SUFFIX,POSTMILE_PREFIX,POSTMILE,LOCATION_TYPE,RAMP_INTERSECTION,SIDE_OF_HWY,TOW_AWAY,COLLISION_SEVERITY,NUMBER_KILLED,NUMBER_INJURED,PARTY_COUNT,PRIMARY_COLL_FACTOR,PCF_CODE_OF_VIOL,PCF_VIOL_CATEGORY,PCF_VIOLATION,PCF_VIOL_SUBSECTION,HIT_AND_RUN,TYPE_OF_COLLISION,MVIW,PED_ACTION,ROAD_SURFACE,ROAD_COND_1,ROAD_COND_2,LIGHTING,CONTROL_DEVICE,CHP_ROAD_TYPE,PEDESTRIAN_ACCIDENT,BICYCLE_ACCIDENT,MOTORCYCLE_ACCIDENT,TRUCK_ACCIDENT,NOT_PRIVATE_PROPERTY,ALCOHOL_INVOLVED,STWD_VEHTYPE_AT_FAULT,CHP_VEHTYPE_AT_FAULT,COUNT_SEVERE_INJ,COUNT_VISIBLE_INJ,COUNT_COMPLAINT_PAIN,COUNT_PED_KILLED,COUNT_PED_INJURED,COUNT_BICYCLIST_KILLED,COUNT_BICYCLIST_INJURED,COUNT_MC_KILLED,COUNT_MC_INJURED,PRIMARY_RAMP,SECONDARY_RAMP,LATITUDE,LONGITUDE,COUNTY,CITY,POINT_X,POINT_Y
91384275,2020,2/4/21,9680,12/28/20,440,22183,,1,3,5,3708,0,1,1,,2,81,I-8 WB,I-8 WB TO EL CAJON BLVD OC,650,W,N,B,C,Y,,,8,,,,,,W,Y,4,0,1,1,A,-,8,22107,,N,E,I,A,B,H,-,C,D,0,,,,,Y,,A,1,0,0,1,0,0,0,0,0,0,- ,- ,32.77151871,-117.0191803,SAN DIEGO,LA MESA,-117.0192032,32.77157974
91386017,2020,1/12/21,9680,12/30/20,1435,18801,,3,2,5,3708,0,1,1,,2,81,I-8 W/B,70TH ST. O/C,2112,E,N,A,-,Y,,,8,,,,,,W,Y,4,0,1,1,C,-,18,,,N,H,A,A,A,H,-,A,D,0,,,,,Y,,-,- ,0,0,1,0,0,0,0,0,0,- ,- ,32.77285004,-117.0398331,SAN DIEGO,LA MESA,-117.0398178,32.77277374
91386328,2020,1/12/21,9680,12/31/20,1330,19555,,4,1,5,3708,0,1,1,,2,81,I-8 E/B,I-8 W/B TO EL CAJON BLVD.,144,E,N,A,-,Y,,,8,,,,,,E,Y,4,0,1,2,A,-,8,22107,,F,E,I,A,A,H,-,A,D,0,,,,,Y,,A,1,0,0,1,0,0,0,0,0,0,- ,- ,32.77088165,-117.0211563,SAN DIEGO,LA MESA,-117.0211639,32.77090836
91388191,2021,1/15/21,9680,1/5/21,1223,15578,,2,1,5,3708,0,1,3,,2,28,SR-125 SOUTHBOUND,GROSSMONT BLVD.,1056,S,N,A,-,Y,,,125,,,,,,S,N,4,0,1,2,A,-,7,21658,A,N,B,C,A,A,H,-,A,D,0,,,,,Y,,-,- ,0,0,1,0,0,0,0,0,0,- ,- ,32.76969147,-117.0022125,SAN DIEGO,LA MESA,-117.0022507,32.76969528
91389453,2020,1/18/21,9680,12/18/20,1544,21441,,5,2,5,3708,0,1,1,,2,81,I-8 W/B TO SR-125 S/B,SEVERIN DR,13,W,N,A,-,Y,,,8,,,,R,,W,Y,2,0,1,3,A,-,3,22350,,N,C,C,A,A,H,-,A,D,0,,,,,Y,,A,1,1,0,0,0,0,0,0,0,0,- ,- ,32.77959824,-116.9972,SAN DIEGO,LA MESA,-116.9972,32.77959824
91390762,2021,1/19/21,9680,1/7/21,1038,15578,,4,1,5,3708,0,1,3,,2,28,SR-125 SOUTHBOUND,MARIPOSA ST.,743,N,N,A,-,Y,,,125,,,,,,S,Y,3,0,1,1,A,-,8,22107,,N,F,A,A,A,H,-,A,D,0,,,Y,,Y,,C,2,0,1,0,0,0,0,0,0,1,- ,- ,32.76126862,-117.0028534,SAN DIEGO,LA MESA,-117.0028839,32.7612915
91391813,2020,1/21/21,9680,12/20/20,1427,22030,,7,2,5,3708,0,1,1,,2,81,I-8 W/B,LAKE MURRAY BLVD,24,W,N,A,-,Y,,,8,,,,,,W,Y,3,0,1,1,A,-,8,22107,,N,B,I,A,A,H,-,A,D,0,,,,,Y,Y,A,1,0,1,0,0,0,0,0,0,0,- ,- ,32.77431107,-117.045929,SAN DIEGO,LA MESA,-117.0459747,32.77423096
9139219,2020,9/29/20,3708,7/31/20,2343,LM1259,,5,5,5,3708,0,0,0,,0,1,UNIVERSITY AV,LOWELL ST,0,,Y,A,-,N,,,,,,,,,,Y,3,0,1,2,A,-,12,21453,A,F,D,C,A,A,H,-,C,A,0,,,,,Y,Y,A,1,0,1,0,0,0,0,0,0,0,- ,- ,,,SAN DIEGO,LA MESA,-117.0372314,32.75780106
91392371,2021,1/21/21,9680,1/12/21,1027,15877,,2,1,5,3708,0,1,1,,2,81,I-8 W/B,LAKE MURRAY BLVD.,620,W,N,A,-,Y,,,8,,,,,,W,Y,2,0,3,4,A,-,3,22350,,N,C,C,A,A,H,-,A,D,0,,,,,Y,,A,1,1,1,1,0,0,0,0,0,0,- ,- ,32.77518082,-117.0477982,SAN DIEGO,LA MESA,-117.0477982,32.77518845
91392834,2020,1/22/21,9680,11/23/20,1930,19555,,1,2,5,3708,0,1,3,,2,28,STATE ROUTE 125 S/B FROM SPRING STREET,STATE ROUTE 94 W/B OVERCROSSING,248,S,N,A,-,Y,,,125,,,,R,,S,N,1,1,0,2,A,-,11,21954,A,N,G,B,D,A,H,-,D,D,0,Y,,,,Y,,N,60,0,0,0,1,0,0,0,0,0,- ,- ,32.75130081,-117.0149918,SAN DIEGO,LA MESA,-117.0149918,32.75130081
91396039,2021,1/28/21,9680,1/17/21,1930,19384,,7,2,5,3708,0,1,1,,2,81,INTERESTATE 8 WESTBOUND,BALTIMORE DRIVE,230,W,N,A,-,Y,,,,,,,,,,Y,4,0,1,1,A,-,8,22107,,N,E,I,A,A,H,-,C,D,0,,,,,Y,,A,1,0,0,1,0,0,0,0,0,0,- ,- ,32.77264023,-117.0279007,SAN DIEGO,LA MESA,,
91398752,2021,1/29/21,9680,1/19/21,1642,15578,,2,2,5,3708,0,1,3,,2,28,SR-125 SOUTHBOUND,MARIPOSA ST.,528,S,N,A,-,Y,,,125,,,,,,S,Y,4,0,1,2,A,-,3,22350,,N,C,C,A,A,H,-,B,D,0,,,,,Y,,A,1,0,0,1,0,0,0,0,0,0,- ,- ,32.7587204,-117.0055008,SAN DIEGO,LA MESA,-117.0055008,32.75872421
91400547,2021,2/2/21,9680,1/21/21,1735,19555,,4,2,5,3708,0,1,1,,2,81,I-8 W/B TO SR-125 S/B,GROSSMONT CENTER DR,528,E,N,A,-,Y,,,8,,,,R,,W,Y,4,0,1,2,A,-,3,22350,,N,C,C,A,A,H,-,D,D,0,,,,,Y,,A,1,0,0,1,0,0,0,0,0,0,- ,- ,32.77898026,-117.0020905,SAN DIEGO,LA MESA,-117.0020905,32.77898026
91402010,2021,2/3/21,9680,1/23/21,1430,21441,,6,2,5,3708,0,1,1,,2,81,I-8 W/B,JACKSON DR,1584,W,N,B,C,Y,,,8,,,,,,W,Y,4,0,1,1,A,-,3,22350,,N,E,I,A,B,H,-,A,D,0,,,,,Y,,A,1,0,0,1,0,0,0,0,0,0,- ,- ,32.77330017,-117.0157013,SAN DIEGO,LA MESA,-117.0157242,32.77334976
91402029,2021,2/3/21,9680,1/23/21,1442,21441,,6,2,5,3708,0,1,3,,2,28,SR-125 S/B,WAKARUSA ST,290,N,N,B,C,Y,,,125,,,,,,S,Y,4,0,1,2,A,-,3,22350,,N,B,C,A,B,H,-,A,D,0,,,,,Y,,A,1,0,0,1,0,0,0,0,0,0,- ,- ,32.78279877,-117.0055008,SAN DIEGO,LA MESA,-117.0054855,32.78280258
91403280,2021,2/5/21,9680,1/23/21,855,20116,,6,1,5,3708,0,1,1,,2,81,I-8 W/B,PKWY,500,W,N,B,C,Y,,,8,,,,,,W,Y,4,0,1,1,A,-,3,22350,,N,E,I,A,B,H,-,A,D,0,,,,,Y,,A,1,0,0,1,0,0,0,0,0,0,- ,- ,32.77399063,-117.0321426,SAN DIEGO,LA MESA,-117.0321274,32.77407074
91403605,2021,2/5/21,9680,1/23/21,2120,22050,,6,2,5,3708,0,1,3,,2,28,SR-125 S/B,MERRITT BLVD,300,S,N,B,-,Y,,,125,,,,,,S,Y,3,0,3,1,A,-,8,22107,,N,E,I,A,B,H,-,C,A,0,,,,,Y,,D,22,0,1,2,0,0,0,0,0,0,- ,- ,32.75888062,-117.0054398,SAN DIEGO,LA MESA,-117.0053864,32.75880814
91403624,2021,2/5/21,9680,1/26/21,1725,18979,,2,2,5,3708,0,1,1,,2,81,I-8 W/B,SEVERIN DR,600,E,N,A,-,Y,,,8,,,,,,W,Y,3,0,1,2,A,-,4,21703,,N,C,C,A,A,H,-,A,D,0,,,,,Y,,B,7,0,1,0,0,0,0,0,0,0,- ,- ,32.77941132,-116.9950714,SAN DIEGO,LA MESA,-116.9950714,32.77936935
91403628,2021,2/5/21,9680,1/26/21,1734,16981,,2,2,5,3708,0,1,1,,2,81,I-8 W/B,GROSSMONT BLVD,528,E,N,A,-,Y,,,8,,,,,,W,Y,4,0,2,2,A,-,3,22350,,N,C,C,A,A,H,-,C,D,0,,,,,Y,,A,1,0,0,2,0,0,0,0,0,0,- ,- ,32.77917862,-116.9885406,SAN DIEGO,LA MESA,-116.9885406,32.77914047
91404298,2021,2/8/21,9680,1/24/21,2120,21800,,7,2,5,3708,0,1,1,,2,81,I-8 W/B,BALTIMORE DR,115,W,N,B,C,Y,,,8,,,,,,W,Y,3,0,2,1,A,-,3,22350,,N,E,I,A,B,H,-,C,D,0,,,,,Y,,A,1,0,2,0,0,0,0,0,0,0,- ,- ,32.77251816,-117.0274582,SAN DIEGO,LA MESA,-117.0275345,32.77236176
91406402,2021,2/10/21,9680,1/29/21,1455,18801,,5,2,5,3708,0,1,1,,2,81,I-8 W/B,FLETCHER PARKWAY O/C,25,W,N,B,C,Y,,,8,,,,,,W,Y,4,0,1,1,A,-,3,22350,,N,E,I,A,B,H,-,A,D,0,,,,,Y,,A,1,0,0,1,0,0,0,0,0,0,- ,- ,32.77339935,-117.0301208,SAN DIEGO,LA MESA,-117.0300903,32.77347565
91406958,2021,2/11/21,9680,2/1/21,2130,19384,,1,2,5,3708,0,1,1,,2,81,I-8 W/B TO SR-125 S/B,I-8 E/B,160,S,N,B,-,Y,,,8,,,,R,,W,Y,4,0,1,1,A,-,1,23152,A,N,E,I,A,A,H,-,D,A,0,,,,,Y,Y,A,1,0,0,1,0,0,0,0,0,0,- ,- ,32.77687836,-117.0039368,SAN DIEGO,LA MESA,-117.0039368,32.77687836
91407235,2020,2/11/21,9680,9/29/20,630,15877,,2,1,5,3708,0,1,1,,2,81,I-8 W/B,SEVERIN DR.,994,E,N,A,-,Y,,,8,,,,,,W,Y,3,0,1,2,A,-,7,21658,A,F,B,C,A,A,H,-,A,D,0,,,Y,,Y,,A,7,0,1,0,0,0,0,0,0,1,- ,- ,32.77941132,-116.993782,SAN DIEGO,LA MESA,-116.993782,32.77932358
91408336,2021,2/15/21,9680,1/30/21,450,21800,,6,3,5,3708,0,1,3,,2,27,SR-125 N/B,LEMON AVENUE,2050,S,N,B,-,Y,,,125,,,,,,N,Y,4,0,1,2,A,-,7,21658,A,M,B,C,A,B,H,-,D,D,0,,,Y,,Y,,A,7,0,0,1,0,0,0,0,0,1,- ,- ,32.76248169,-117.002121,SAN DIEGO,LA MESA,-117.0021896,32.76249695
91411584,2021,2/19/21,9680,2/8/21,1650,18801,,1,2,5,3708,0,1,1,,2,81,I-8 E/B FROM SPRING STREET,SPRING STREET,800,E,N,A,-,Y,,,8,,,,R,,E,Y,4,0,2,2,A,-,3,22350,,N,C,C,A,A,D,-,A,A,0,,,,,Y,,A,1,0,0,2,0,0,0,0,0,0,- ,- ,32.77067947,-117.0207825,SAN DIEGO,LA MESA,-117.0207825,32.77067947
91414445,2021,2/24/21,9680,2/14/21,1525,22161,,7,2,5,3708,0,1,3,,2,28,SR-125 SB TO FLETCHER PKWY.,DALLAS ST,400,S,N,A,-,Y,,,125,,,,R,,S,Y,4,0,1,1,C,-,18,,,N,E,I,A,A,H,-,A,D,0,,,,,Y,,-,- ,0,0,1,0,0,0,0,0,0,- ,- ,32.78960037,-117.0069275,SAN DIEGO,LA MESA,-117.0069275,32.78960037
91414644,2021,2/24/21,9680,2/14/21,1750,22161,,7,2,5,3708,0,1,1,,2,81,I-8 E/B,SPRING ST,190,W,N,A,-,Y,,,8,,,,,,E,Y,3,0,1,1,A,-,1,23152,A,N,E,J,A,A,H,-,C,D,0,,,,,Y,Y,A,1,0,1,0,0,0,0,0,0,0,- ,- ,32.77088928,-117.0243683,SAN DIEGO,LA MESA,-117.0243607,32.77096176
91417235,2021,2/26/21,9680,2/16/21,900,21859,,2,1,5,3708,0,1,3,,2,28,SR-125 S/B,SR-125 S/B FROM AMAYA DR.,200,N,N,B,-,Y,,,125,,,,,,S,Y,4,0,1,1,A,-,8,22107,,N,E,I,A,B,H,-,A,A,0,,,,,Y,,A,1,0,0,1,0,0,0,0,0,0,- ,- ,32.78757858,-117.0064697,SAN DIEGO,LA MESA,-117.0066147,32.78755951
91417507,2021,3/1/21,9680,1/26/21,508,21828,,2,3,5,3708,0,1,1,,2,81,I-8 W/B,SPRING ST,1056,E,N,C,-,Y,,,8,,,,,,W,Y,3,0,2,2,A,-,3,22350,,N,D,C,A,B,H,-,D,D,0,,,,,Y,,A,1,0,1,1,0,0,0,0,0,0,- ,- ,32.77191162,-117.0183563,SAN DIEGO,LA MESA,-117.0183868,32.77195358
91417511,2021,3/1/21,9680,1/26/21,410,21828,,2,3,5,3708,0,1,3,,2,28,SR-125 S/B,LEMON AVE,528,S,N,C,-,Y,,,125,,,,,,S,Y,4,0,1,1,A,-,3,22350,,N,E,I,A,B,H,-,C,D,0,,,,,Y,,A,1,0,0,1,0,0,0,0,0,0,- ,- ,32.76639175,-117.0026474,SAN DIEGO,LA MESA,-117.0023346,32.76641846
9141768,2020,9/28/20,3708,7/27/20,1925,LM1288,,1,5,5,3708,0,0,0,,0,2,BANCROFT DR,EDGEWOOD DR,52,N,N,A,-,N,,,,,,,,,,N,4,0,1,2,A,-,3,22350,,F,C,C,A,A,H,-,A,D,0,,,,,Y,,A,1,0,0,1,0,0,0,0,0,0,- ,- ,,,SAN DIEGO,LA MESA,-117.0019379,32.76156998
91420983,2021,3/4/21,9680,2/22/21,2010,18801,,1,2,5,3708,0,1,1,,2,81,I-8 W/B,LA MESA BLVD,87,E,N,A,-,Y,,,8,,,,,,W,Y,4,0,1,2,A,-,3,22350,,N,C,C,A,A,H,-,D,D,0,,,,,Y,Y,A,1,0,0,1,0,0,0,0,0,0,- ,- ,32.7774086,-117.0046082,SAN DIEGO,LA MESA,-117.0045929,32.77735519
91421424,2021,3/5/21,9680,2/23/21,955,15912,,2,1,5,3708,0,1,1,,2,81,I-8 W/B,SEVERIN DR,375,E,N,A,-,Y,,,8,,,,,,W,Y,3,0,1,2,A,-,7,21658,A,N,B,C,A,A,H,-,A,D,0,,,Y,,Y,,A,1,0,1,0,0,0,0,0,0,1,- ,- ,32.77946854,-116.9957809,SAN DIEGO,LA MESA,-116.9957809,32.77939224
91423228,2020,3/9/21,9680,10/18/20,41,21828,,7,3,5,3708,0,1,3,,2,28,STATE ROUTE 125 NORTHBOUND,INTERSTATE 8 EASTBOUND,528,S,N,A,-,Y,,,125,,,,,,N,Y,1,1,0,2,A,-,1,23152,A,N,C,C,A,A,H,-,D,D,0,,,,Y,Y,Y,D,22,0,0,0,0,0,0,0,0,0,- ,- ,32.77587891,-117.0029068,SAN DIEGO,LA MESA,-117.0030365,32.77584076
91424152,2021,3/10/21,9680,2/15/21,1612,21476,,1,2,5,3708,0,1,1,,2,81,I-8 WESTBOUND,GROSSMONT BOULEVARD,125,E,N,A,-,Y,,,8,,,,,,W,Y,4,0,1,5,A,-,3,22350,,F,C,C,A,A,H,-,A,D,0,,,,,Y,,A,7,0,0,1,0,0,0,0,0,0,- ,- ,32.77919006,-116.9899292,SAN DIEGO,LA MESA,-116.9899292,32.77919388
91424503,2021,3/10/21,9680,2/28/21,640,20780,,7,1,5,3708,0,1,1,,2,81,I-8 WESTBOUND,GROSSMONT CENTER DR,720,E,N,A,-,Y,,,8,,,,,,W,Y,3,0,1,1,A,-,8,22107,,N,F,A,A,A,H,-,A,D,0,,,,,Y,,A,7,0,1,0,0,0,0,0,0,0,- ,- ,32.77880859,-117.0017395,SAN DIEGO,LA MESA,-117.001709,32.7787323
91429094,2021,3/17/21,9680,3/5/21,920,17011,,5,1,5,3708,0,1,3,,2,28,SR-125 S/B FROM GROSSMONT BLVD.,GROSSMONT BLVD,461,S,N,A,-,Y,,,125,,,,R,,S,Y,4,0,1,3,A,-,3,22350,,N,C,C,A,A,H,-,A,A,0,,,,,Y,,D,22,0,0,1,0,0,0,0,0,0,- ,- ,32.77210999,-117.002533,SAN DIEGO,LA MESA,-117.002533,32.77210999
91432380,2021,3/22/21,9680,3/10/21,2300,19475,,3,3,5,3708,0,1,1,,2,81,I-8 EASTBOUND FROM FLETCHER PARKWAY,FLETCHER PARKWAY,225,W,N,B,C,Y,,,8,,,,R,,E,Y,3,0,1,1,A,-,3,22350,,N,E,I,A,B,H,-,D,D,0,,,,,Y,,A,7,0,1,0,0,0,0,0,0,0,- ,- ,32.77349854,-117.030983,SAN DIEGO,LA MESA,-117.030983,32.77349854
91433469,2021,3/23/21,9680,3/11/21,320,20884,,4,3,5,3708,0,1,3,,2,28,SR-125 S/B,LEMON AVE,420,S,N,B,C,Y,,,125,,,,,,S,Y,4,0,1,1,A,-,3,22350,,N,E,I,A,B,H,-,D,D,0,,,,,Y,,A,1,0,0,1,0,0,0,0,0,0,- ,- ,32.76699829,-117.002243,SAN DIEGO,LA MESA,-117.0023727,32.76699448
91434908,2021,3/25/21,9680,3/10/21,127,18427,,3,3,5,3708,0,1,1,,2,81,I-8 E/B,SPRING STREET,1850,E,N,B,-,Y,,,8,,,,,,E,Y,3,0,2,1,A,-,1,23152,G,N,E,I,A,A,H,-,C,D,0,,,,,Y,Y,A,1,0,2,0,0,0,0,0,0,0,- ,- ,32.77196121,-117.0179062,SAN DIEGO,LA MESA,-117.0179138,32.77197266
91440920,2021,4/1/21,9680,2/19/21,801,15578,,5,1,5,3708,0,1,3,,2,28,SR-125 NORTHBOUND,MARIPOSA ST.,163,S,N,A,-,Y,,,125,,,,,,N,Y,4,0,1,3,A,-,4,21703,,N,C,C,A,A,H,-,A,D,0,,,,,Y,,D,22,0,0,1,0,0,0,0,0,0,- ,- ,32.75923157,-117.0046387,SAN DIEGO,LA MESA,-117.0046234,32.75920868
91441614,2021,4/2/21,9680,3/22/21,1646,22021,,1,2,5,3708,0,1,1,,2,81,I-8 W/B,GROSSMONT BLVD,100,W,N,A,-,Y,,,8,,,,,,W,Y,4,0,2,3,A,-,4,21703,,N,C,C,A,A,H,-,A,D,0,,,,Y,Y,,A,1,0,0,2,0,0,0,0,0,0,- ,- ,32.77923965,-116.9908371,SAN DIEGO,LA MESA,-116.9908371,32.77921295
91443456,2021,4/5/21,9680,2/20/21,2125,22183,,6,2,5,3708,0,1,1,,2,81,I-8 WB TO SR-125 NB,MURRAY DR,215,S,N,A,-,Y,,,8,,,,R,,W,Y,4,0,1,2,A,-,8,22107,,N,E,I,A,A,H,-,C,D,0,,,,,Y,,A,1,0,0,1,0,0,0,0,0,0,- ,- ,32.77939987,-117.0032196,SAN DIEGO,LA MESA,-117.0032196,32.77939987
91444254,2021,4/6/21,9680,3/24/21,1255,15972,,3,1,5,3708,0,1,1,,2,81,I-8 E/B,FLETCHER PARKWAY,1584,W,N,A,-,Y,,,8,,,,,,E,Y,4,0,3,4,A,-,7,21658,A,N,B,C,A,A,H,-,A,D,0,,,,,Y,,A,1,0,0,3,0,0,0,0,0,0,- ,- ,32.77407837,-117.0325012,SAN DIEGO,LA MESA,-117.0325165,32.77392197
91444332,2021,4/6/21,9680,3/25/21,1615,19555,,4,2,5,3708,0,1,1,,2,81,I-8 WESTBOUND,SEVERIN DRIVE,450,E,N,B,C,Y,,,8,,,,,,W,Y,4,0,1,2,A,-,3,22350,,N,C,C,A,B,H,-,A,D,0,,,,,Y,,A,1,0,0,1,0,0,0,0,0,0,- ,- ,32.77946091,-116.9961472,SAN DIEGO,LA MESA,-116.9961548,32.7794075
91448773,2021,4/12/21,9680,3/31/21,2135,20720,,3,2,5,3708,0,1,3,,2,28,SR-125 S/B,MERRITT BLVD,561,N,N,A,-,Y,,,125,,,,,,S,Y,2,0,4,2,A,-,8,22107,,N,E,I,A,A,H,-,D,D,0,,,,,Y,,A,1,2,0,2,0,0,0,0,0,0,- ,- ,32.76091003,-117.0031967,SAN DIEGO,LA MESA,-117.0031738,32.76088715
91450366,2021,4/14/21,9680,4/3/21,2225,21764,,6,3,5,3708,0,1,1,,2,81,I-8 W/B,FLETCHER PKY,196,W,N,A,-,Y,,,8,,,,,,W,Y,4,0,1,1,C,-,18,,,N,E,I,A,A,H,-,C,D,0,,,,,Y,,-,- ,0,0,1,0,0,0,0,0,0,- ,- ,32.77360153,-117.0306396,SAN DIEGO,LA MESA,-117.0306091,32.77368546
91450452,2021,4/14/21,9680,4/3/21,1555,22050,,6,2,5,3708,0,1,3,,2,28,SR-125 SOUTHBOUND,MERRITT BOULEVARD,850,S,N,A,-,Y,,,125,,,,,,S,N,4,0,2,3,A,-,3,22350,,N,C,C,A,A,H,-,A,D,0,,,,,Y,,A,1,0,0,2,0,0,0,0,0,0,- ,- ,32.75807953,-117.0064468,SAN DIEGO,LA MESA,-117.006424,32.7580452
91451260,2021,4/15/21,9680,1/23/21,1200,21813,,6,1,5,3708,0,1,3,,2,28,SR-125 S/B,MARIPOSA ST,1584,N,N,B,C,Y,,,125,,,,,,S,N,4,0,2,2,A,-,3,22350,,F,C,C,A,B,H,-,A,D,0,,,,,Y,,D,22,0,0,2,0,0,0,0,0,0,- ,- ,32.76314163,-117.0022583,SAN DIEGO,LA MESA,-117.0022278,32.763134
91453551,2021,4/19/21,9680,4/8/21,1335,22050,,4,1,5,3708,0,1,3,,2,28,SR-125 S/B,MERRITT BLVD,600,S,N,A,-,Y,,,125,,,,,,S,Y,4,0,1,3,A,-,3,22350,,F,C,C,A,A,H,-,A,D,0,,,,,Y,,D,22,0,0,1,0,0,0,0,0,0,- ,- ,32.75854874,-117.0058136,SAN DIEGO,LA MESA,-117.0057831,32.7585144
91454469,2021,4/20/21,9680,4/10/21,2110,21353,,6,2,5,3708,0,1,3,,2,28,SR-125 S/B,MERRITT BLVD,935,N,N,A,-,Y,,,125,,,,,,S,Y,3,0,2,2,A,-,1,23152,A,F,B,C,A,A,H,-,C,D,0,,,,,Y,Y,A,7,0,1,1,0,0,0,0,0,0,- ,- ,32.76185989,-117.0026093,SAN DIEGO,LA MESA,-117.0025711,32.76184082
91456204,2021,4/22/21,9680,4/12/21,1455,21353,,1,2,5,3708,0,1,3,,2,27,SR-94 W/B FROM SPRING ST,SPRING ST,60,W,N,A,-,Y,,,94,,,,R,,W,Y,4,0,1,1,A,-,8,22107,,M,E,I,A,A,H,-,A,D,0,,,,,Y,,D,22,0,0,1,0,0,0,0,0,0,- ,- ,32.75399017,-117.0128708,SAN DIEGO,LA MESA,-117.0128708,32.75399017
91458660,2021,4/26/21,9680,4/15/21,1555,21441,,4,2,5,3708,0,1,3,,2,28,SR-125 S/B,MARIPOSA ST,316,S,N,A,-,Y,,,125,,,,,,S,Y,4,0,1,3,A,-,3,22350,,N,C,C,A,A,H,-,A,D,0,,,,,Y,,A,7,0,0,1,0,0,0,0,0,0,- ,- ,32.75930023,-117.0046997,SAN DIEGO,LA MESA,-117.0047073,32.75931168
91460485,2021,4/28/21,9680,4/18/21,1221,20401,,7,1,5,3708,0,1,1,,2,81,I-8 WESTBOUND,GROSSMONT BOULEVARD,1584,E,N,A,-,Y,,,,,,,,,,Y,4,0,1,2,A,-,3,22350,,N,E,I,A,A,H,-,A,D,0,,,Y,,Y,,C,2,0,0,1,0,0,0,0,0,1,- ,- ,32.77917862,-116.9851608,SAN DIEGO,LA MESA,-116.9852829,32.77921295
91460651,2021,4/28/21,9680,4/16/21,1530,22161,,5,2,5,3708,0,1,1,,2,81,I-8 W/B,LAKE MURRAY BLVD.,1240,E,N,A,-,Y,,,8,,,,,,W,Y,4,0,5,4,A,-,1,23152,A,N,B,C,A,A,H,-,A,D,0,,,,,Y,Y,A,7,0,0,5,0,0,0,0,0,0,- ,- ,32.77281189,-117.04216,SAN DIEGO,LA MESA,-117.0421677,32.77278519
91460814,2021,4/28/21,9680,4/17/21,1900,22050,,6,2,5,3708,0,1,3,,2,28,SR-125 N/B,MERRITT BLVD,30,N,N,A,-,Y,,,125,,,,,,N,N,4,0,1,3,A,-,1,23152,F,N,H,C,A,A,H,-,A,D,0,,,,,Y,,A,1,0,0,1,0,0,0,0,0,0,- ,- ,32.75960159,-117.0041122,SAN DIEGO,LA MESA,-117.0041122,32.75960159
91463227,2021,4/30/21,9680,2/19/21,1810,21441,,5,2,5,3708,0,1,3,,2,28,SR-125 S/B,GROSSMONT BLVD,75,S,N,A,-,Y,,,125,,,,,,S,Y,3,0,1,3,A,-,3,22350,,N,C,C,A,A,H,-,C,D,0,,,,,Y,,A,7,0,1,0,0,0,0,0,0,0,- ,- ,32.77310181,-117.0024033,SAN DIEGO,LA MESA,-117.0024338,32.77309036
91463230,2021,4/30/21,9680,3/3/21,1200,15912,,3,1,5,3708,0,1,1,,2,81,I-8 W/B,FLETCHER PKY,1584,W,N,B,C,Y,,,8,,,,,,W,Y,4,0,2,2,A,-,3,22350,,N,B,C,A,B,H,-,A,D,0,,,,,Y,,D,22,0,0,2,0,0,0,0,0,0,- ,- ,32.77383041,-117.0353928,SAN DIEGO,LA MESA,-117.0353928,32.77384567
91466555,2021,5/5/21,9680,3/6/21,1255,17011,,6,1,5,3708,0,1,3,,2,28,SR-125 S/B,LEMON AVE,369,S,N,A,-,Y,,,125,,,,,,S,Y,4,0,1,2,A,-,2,22400,A,F,C,C,A,A,H,-,A,D,0,,,,,Y,,-,99,0,0,1,0,0,0,0,0,0,- ,- ,32.76713943,-117.0024185,SAN DIEGO,LA MESA,-117.0023727,32.76714325